time_yr,d13C_DIC_mean,d13C_DIC_p5,d13C_DIC_p95,CO2_mean_ppm,CO2_p5_ppm,CO2_p95_ppm,SST_mean_degC,SST_p5_degC,SST_p95_degC,f_CH4_mean_mol_per_yr,f_CH4_p5_mol_per_yr,f_CH4_p95_mol_per_yr,f_volcanic_CO2_mean_mol_per_yr,f_volcCO2_p5_mol_per_yr,f_volcCO2_p95_mol_per_yr,d13C_input_mean,d13C_input_p5,d13C_input_p95,CH4_mean_ppm,CH4_p5_ppm,CH4_p95_ppm
0.000682529815129007,1.7251602850341,1.24233756427102,2.16538554484349,830.898683672058,598.643223821806,1133.16068983284,29.4045473455046,27.7916695142571,31.0010137977883,1043075964184.35,170705077704.492,1855751949182.88,173845994030.725,28450846284.082,309291991530.48,-34.999999987624,-34.9999999998774,-34.9999999762092,0.240102284870483,0.153098348833317,0.380391441945921
0.0162936273649118,1.72515947634438,1.24233613784668,2.16538411446951,830.89872097742,598.643258364217,1133.1607292669,29.4048448046659,27.7921440126103,31.0014838112007,3871494945073.14,3866725790953.91,3902874913205.16,645249157512.191,644454298492.318,650479152200.859,-34.999999999933,-35,-34.9999999994922,0.240244605123947,0.153315749685217,0.380578954390357
0.0319047249146947,1.72515522698434,1.2423329391962,2.16537961526422,830.898886160328,598.64339767447,1133.16097019385,29.4063718040802,27.7938103826652,31.0038231524934,7571476867490.47,7571476867490.47,7571476867490.47,1261912811248.41,1261912811248.41,1261912811248.41,-35,-35,-35,0.240979891991452,0.154067390572231,0.380998052061768
0.0475158224644775,1.72514771451194,1.24232280579932,2.16537275989598,830.899215185483,598.643664056058,1133.16138580648,29.4091246623469,27.7965694013546,31.007147692672,11276227944027,11276227944027,11276227944027,1879371324004.5,1879371324004.5,1879371324004.51,-35,-35,-35,0.24231750743049,0.155310445739797,0.382363313651733
0.108853717948926,1.72509875862539,1.24225368167709,2.16532875054281,830.90245553887,598.646381292152,1133.165816914,29.4287521050136,27.8176822505646,31.0316687397287,23133090366293.6,22165713524697.6,23731856353186.2,3855515061048.93,3694285587449.6,3955309392197.69,-35,-35,-35,0.252182303687227,0.164615070096884,0.392358669006924
0.126196070449919,1.72508547606313,1.24222853723808,2.16531668725163,830.903941420591,598.6475498781,1133.16791700041,29.435267373343,27.8247865282647,31.0401128785321,23728094627720.2,23692974014293.3,23732510932858.1,3954682437953.36,3948829002382.21,3955418488809.68,-35,-35,-35,0.255540504690282,0.167841800973995,0.39632024355014
0.143538422950913,1.72507559395302,1.24220483260693,2.16531120622658,830.905628330603,598.648851287596,1133.17044902799,29.4412928171945,27.8310597618459,31.0474635359772,23733165512530,23733165512530,23733165512530,3955527585421.66,3955527585421.66,3955527585421.66,-35,-35,-35,0.258679690637481,0.170706033483392,0.400171493455365
0.160880775451907,1.72506900371044,1.24219140307366,2.16530745029589,830.907452000867,598.65024045313,1133.17314044522,29.4467961666753,27.8368628309448,31.0542435256522,23733820092201.9,23733820092201.9,23733820092201.9,3955636682033.65,3955636682033.64,3955636682033.65,-35,-35,-35,0.261541502446965,0.173516929198785,0.40287710188903
0.1782231279529,1.72506502655238,1.24217994722703,2.16530639874561,830.909526955846,598.651858282706,1133.17628174381,29.4521381372558,27.8425454588937,31.061036244581,23734474671873.8,23734474671873.8,23734474671873.8,3955745778645.63,3955745778645.63,3955745778645.63,-35,-35,-35,0.264355987782575,0.176289894930667,0.405470735366423
0.276707795506919,1.72506378672615,1.2421281712392,2.16533522346655,830.924466553163,598.66351852573,1133.1990049233,29.4825313934071,27.8747241948312,31.0987346549955,23738191933495.1,23738191933495.1,23738191933495.1,3956365322249.19,3956365322249.19,3956365322249.19,-35,-35,-35,0.281040300346153,0.192518876912762,0.421738467814668
0.375192463060939,1.72510611612301,1.24212349202181,2.16540549848179,830.94468383675,598.679701249506,1133.22854556705,29.5113294387004,27.9052204209385,31.1337063168813,23741909195116.5,23741909195116.5,23741909195116.5,3956984865852.74,3956984865852.74,3956984865852.75,-35,-35,-35,0.297746484900856,0.208358439367127,0.438409184023887
0.473677130614958,1.72517894343666,1.24212104238625,2.16550819014831,830.968509192972,598.697878479231,1133.26286318352,29.5380060226294,27.9335817275244,31.165522608823,23745626456737.8,23745626456737.8,23745626456737.8,3957604409456.3,3957604409456.3,3957604409456.3,-35,-35,-35,0.314030861889614,0.223548099953078,0.455076571048528
0.572161798168977,1.72527582201229,1.24214701453165,2.16563852390852,830.995237482526,598.718302304978,1133.30046252017,29.5626632831584,27.9599089252034,31.1945960755945,23749343718359.1,23749343718359.1,23749343718359.1,3958223953059.85,3958223953059.85,3958223953059.86,-35,-35,-35,0.329865853857684,0.238085600597803,0.471470734304404
0.863577359253766,1.72564001075716,1.24228346244417,2.16613321559517,831.084499801732,598.789168980714,1133.42243129113,29.626477743538,28.0266659770213,31.2668721279318,23760343073974.4,23760343073974.4,23760343073974.4,3960057178995.73,3960057178995.73,3960057178995.74,-35,-35,-35,0.374357408725327,0.27866073273918,0.518872028844208
1.15499292033856,1.72602062631796,1.24247797300139,2.16659181849885,831.178274571088,598.870687573707,1133.5406166814,29.680328333988,28.0829245530948,31.3263468603803,23771342429589.7,23771342429589.7,23771342429589.7,3961890404931.62,3961890404931.61,3961890404931.62,-35,-35,-35,0.415866344075287,0.315705146345636,0.563953730291138
1.44640848142334,1.72635341476476,1.24272752179699,2.16697405203758,831.27006512859,598.952887200928,1133.65127217017,29.7268521768765,28.1305756118134,31.3757976520351,23782341785205,23782341785205,23782341785205,3963723630867.5,3963723630867.5,3963723630867.5,-35,-35,-35,0.454876238681624,0.349331266589548,0.606620888898856
1.73782404250813,1.72662204742866,1.24297890321578,2.16726552439202,831.358369022883,599.032782531867,1133.7547345993,29.767444972899,28.1699717400022,31.4176955239525,23793341140820.3,23793341140820.3,23793341140820.3,3965556856803.38,3965556856803.38,3965556856803.38,-35,-35,-35,0.491506871747842,0.380263420351405,0.648093943766139
2.27498702711617,1.72694925468085,1.24330269718659,2.16759008892845,831.51220612733,599.17369690366,1133.93074056023,29.829947394024,28.2332048733444,31.4806636503625,23813616127746.4,23813616127746.4,23813616127746.4,3968936021291.07,3968936021291.07,3968936021291.07,-35,-35,-35,0.553199833421659,0.430660331365825,0.720205495299597
2.8121500117242,1.72712108871235,1.24347881391763,2.16775645184485,831.659646654972,599.309260273401,1134.09979605131,29.8810764583876,28.2860322357767,31.5305427790221,23833891114672.6,23833891114672.6,23833891114672.6,3972315185778.76,3972315185778.76,3972315185778.77,-35,-35,-35,0.60847160882804,0.473356465773011,0.787580683791161
3.34931299633223,1.72716789620437,1.24354051465768,2.16778367696395,831.80244386513,599.440013834448,1134.26202523476,29.9238687770974,28.3299593820046,31.5706538614305,23854166101598.7,23854166101598.7,23854166101598.7,3975694350266.46,3975694350266.45,3975694350266.46,-35,-35,-35,0.658288444912158,0.509933585378173,0.850589775429311
3.88647598094026,1.72709298559106,1.24348757044722,2.16766230128393,831.940276564879,599.568174441696,1134.41447983748,29.9600069181642,28.369378789771,31.6032696009571,23874441088524.9,23874441088524.9,23874441088524.9,3979073514754.15,3979073514754.15,3979073514754.15,-35,-35,-35,0.703150611333097,0.541304100245594,0.909129317106708
4.4236389655483,1.72691543079014,1.24333683865547,2.16738832171998,832.074023652967,599.695591676952,1134.55764901963,29.9910294323063,28.401982172385,31.6304223749037,23894716075451,23894716075451,23894716075451.1,3982452679241.84,3982452679241.84,3982452679241.84,-35,-35,-35,0.743721955881852,0.568205004281209,0.963785753088462
5.4858421739077,1.72631003904447,1.24289901899833,2.16655328394122,832.329225371959,599.942406498042,1134.82818388614,30.0409854811457,28.45655712757,31.672904103873,23934808480883.9,23934808480883.9,23934808480883.9,3989134746813.98,3989134746813.98,3989134746813.98,-35,-35,-35,0.813279126272917,0.612621261448349,1.06294896266574
6.54804538226711,1.72544842039437,1.24225137583494,2.16542904950612,832.575735810145,600.182231922768,1135.08474795223,30.0803467846423,28.4984087338354,31.7049078935333,23974900886316.7,23974900886316.7,23974900886316.7,3995816814386.11,3995816814386.11,3995816814386.12,-35,-35,-35,0.871700511069831,0.646549423695567,1.15027860410256
7.61024859062652,1.72438497053094,1.24140082992587,2.16409140831446,832.816375797087,600.415429060865,1135.33388314891,30.1117000185072,28.5306219933497,31.7286929161448,24014993291749.5,24014993291749.5,24014993291749.5,4002498881958.25,4002498881958.25,4002498881958.25,-35,-35,-35,0.920706774923521,0.67242421923818,1.22774593360261
8.67245179898593,1.72317112471352,1.24035218675251,2.16260721911623,833.053315462597,600.646179360425,1135.57865947854,30.1371381426816,28.5569607935583,31.7470277104515,24055085697182.3,24055085697182.3,24055085697182.3,4009180949530.39,4009180949530.38,4009180949530.39,-35,-35,-35,0.962049527200892,0.692162891198985,1.29624603688612
9.73465500734533,1.72184586510566,1.23914888853672,2.16101306515345,833.287669103838,600.875195609329,1135.81971318979,30.1583051380963,28.578666266837,31.7614303154598,24095178102615.1,24095178102615.1,24095178102615.1,4015863017102.52,4015863017102.52,4015863017102.52,-35,-35,-35,0.997447687821129,0.707599952388552,1.35749966326536
11.5054857806158,1.71946027887797,1.23690346616917,2.15821990624909,833.675206619899,601.253880963409,1136.21899424324,30.1862789849577,28.6069258344875,31.779976696702,24162017352163.7,24162017352163.7,24162017352163.8,4027002892027.29,4027002892027.29,4027002892027.29,-35,-35,-35,1.0454551483064,0.72715528472657,1.44572473365966
13.2763165538864,1.71692930209558,1.23444564050068,2.15534140272889,834.059746184478,601.630271007115,1136.61134167952,30.2078460639873,28.6294645838987,31.7932342116308,24228856601712.4,24228856601712.4,24228856601712.4,4038142766952.06,4038142766952.06,4038142766952.06,-35,-35,-35,1.0831152827389,0.740231563425043,1.52028231507982
15.0471473271569,1.71431860080805,1.23183344694507,2.15239654169603,834.442748669907,602.006222752008,1136.99950305136,30.2248021465783,28.647052452779,31.8030835000047,24295695851261,24295695851261,24295695851261,4049282641876.83,4049282641876.82,4049282641876.83,-35,-35,-35,1.11287250920975,0.749141117615952,1.58386402358063
16.8179781004274,1.71165741297847,1.22910041441932,2.14943165140855,834.822762417966,602.379060079116,1137.38510584354,30.2384880516277,28.6611176499597,31.8106624944451,24362535100809.6,24362535100809.6,24362535100809.6,4060422516801.6,4060422516801.59,4060422516801.6,-35,-35,-35,1.1367015991494,0.755506843078923,1.63781993974788
18.5888088736979,1.70898910854044,1.22626839328928,2.14650931922807,835.201087797937,602.748821799907,1137.76818780238,30.249866916623,28.6725119809727,31.8168494545114,24429374350358.2,24429374350358.2,24429374350358.2,4071562391726.37,4071562391726.36,4071562391726.37,-35,-35,-35,1.15613787577334,0.760623386640438,1.68105187080667
21.5420392803019,1.70458273143192,1.22149340488053,2.14175341167628,835.829002431575,603.367836863062,1138.40251941176,30.2653928089641,28.6884229405766,31.8254807893824,24540842767951.3,24540842767951.2,24540842767951.3,4090140461325.21,4090140461325.2,4090140461325.21,-35,-35,-35,1.18164402112828,0.767361832455032,1.74183182532363
24.4952696869059,1.70028471412416,1.2167468254142,2.13716830272551,836.453019915212,603.98237477551,1139.03168898713,30.277875954321,28.7017934548998,31.8326798645282,24652311185544.3,24652311185544.3,24652311185544.3,4108718530924.05,4108718530924.05,4108718530924.05,-35,-35,-35,1.2007694209349,0.772358553598505,1.78900877491582
27.44850009351,1.69612302910925,1.21210426725421,2.13277594471414,837.071897149391,604.589738845063,1139.65714749283,30.288400432243,28.7131673750149,31.8389837467422,24763779603137.4,24763779603137.4,24763779603137.4,4127296600522.89,4127296600522.89,4127296600522.9,-35,-35,-35,1.2157065025668,0.776256217004246,1.82746297034158
30.401730500114,1.69212536066399,1.20754725351298,2.12859471681099,837.686494979465,605.193158146907,1140.2779898117,30.297638382691,28.7230729842296,31.8447479359444,24875248020730.4,24875248020730.4,24875248020730.4,4145874670121.74,4145874670121.73,4145874670121.74,-35,-35,-35,1.2278015445607,0.779819719689392,1.85860387470994
33.354960906718,1.6882901863574,1.20308291535709,2.12466216775895,838.296667886665,605.791830497423,1140.89246647682,30.3060604741383,28.7321320722896,31.8503382911638,24986716438323.5,24986716438323.5,24986716438323.5,4164452739720.58,4164452739720.58,4164452739720.58,-35,-35,-35,1.23802085524525,0.783527751316742,1.8833137811484
40.1350711801506,1.68015305496286,1.19355849256905,2.11629111171047,839.680345346098,607.14537766294,1142.29269796129,30.3235294018293,28.751712429708,31.8629746039404,25242628798427.8,25242628798427.8,25242628798427.8,4207104799737.97,4207104799737.97,4207104799737.97,-35,-35,-35,1.25721127653548,0.792207294097918,1.92519155413111
46.9151814535831,1.67282790247456,1.18495794270559,2.1088008169,841.041409249378,608.47408947456,1143.67650129807,30.3396283706085,28.7703682467592,31.8755237954896,25498523485901.1,25498486181076,25498541158532.2,4249753914316.85,4249747696846,4249756859755.36,-35,-35,-35,1.27334176630766,0.800547885878846,1.9580212243533
53.6952917270156,1.66623729760606,1.17715734595286,2.10207356838124,842.380428346218,609.778139642908,1145.04056291907,30.3548951555092,28.7880925138921,31.887620266486,25754166027520.6,25754132759275.4,25754174564227.5,4292361004586.77,4292355459879.24,4292362427371.25,-35,-35,-35,1.287862573899,0.808412313849397,1.98546003565803
60.4754020004481,1.66029085223509,1.17009936023112,2.09598093701504,843.696427724429,611.052061962032,1146.38463597603,30.3696283075101,28.8051749991466,31.89934192194,26009575099611.7,26009575099611.6,26009575099611.7,4334929183268.61,4334929183268.6,4334929183268.61,-35,-35,-35,1.30156729089547,0.816136161992776,2.00880516802997
67.2555122738806,1.65488319658345,1.16369168509006,2.09050615366805,844.99036481591,612.303763899597,1147.70745429646,30.3840459263926,28.821911698703,31.9109732460706,26264975634995.8,26264975634995.8,26264975634995.8,4377495939165.96,4377495939165.96,4377495939165.97,-35,-35,-35,1.31499471833724,0.824087613856507,2.02995535082494
82.6368447718258,1.64415975814814,1.1512555100253,2.07953881748194,847.849277154547,615.057163846849,1150.65089375355,30.4160394128782,28.8589887152255,31.9372870345691,26844376322664.5,26844376322664.5,26844376322664.5,4474062720444.09,4474062720444.08,4474062720444.09,-35,-35,-35,1.34528761341799,0.843104515938815,2.07783651826555
98.018177269771,1.63497592440697,1.14061823384751,2.07007243541764,850.612904637485,617.70498144312,1153.51324162407,30.4472170247865,28.8951200598299,31.9634458912801,27423777010333.3,27423777010333.2,27423777010333.3,4570629501722.21,4570629501722.21,4570629501722.21,-35,-35,-35,1.375669652295,0.862665024502,2.1260298587857
113.399509767716,1.62688060979626,1.13136261307383,2.06175619466204,853.288417158563,620.259304853069,1156.30188705606,30.4776242562014,28.9304732881803,31.988882556712,28003177698002,28003177698002,28003177698002,4667196283000.33,4667196283000.33,4667196283000.33,-35,-35,-35,1.40631665500203,0.881658940769264,2.17317923836914
128.780842265661,1.61955068389776,1.1230435155921,2.05424039217157,855.883413874906,622.711003128773,1159.02087264026,30.5072525285385,28.9647607595338,32.0135889130618,28582578385670.7,28582578385670.7,28582578385670.7,4763763064278.45,4763763064278.45,4763763064278.46,-35,-35,-35,1.43717338290954,0.900451890193952,2.21952413262037
144.162174763607,1.61275145756449,1.11534615205447,2.04724635010429,858.40288285594,625.088497313845,1161.6592205253,30.5361636711847,28.9977902092569,32.0378276552399,29150596025687.7,29122063859742.3,29161979073339.4,4858432670947.96,4853677309957.06,4860329845556.58,-35,-35,-35,1.46821400855203,0.919787024288504,2.26632232645891
175.508001213969,1.59986891718821,1.10077078354007,2.03370828389562,863.319271408382,629.713899107463,1166.86041028325,30.5905051405512,29.0594249131283,32.0839769712805,30102452725311.6,30102531853256.9,30102531853256.9,5017075454218.61,5017088642209.48,5017088642209.49,-35,-35,-35,1.52539992052226,0.956726799049336,2.35444142395708
206.853827664331,1.58804180725206,1.0874295951914,2.02128312558413,867.957669374588,634.033330148372,1171.80818263138,30.6354351697782,29.1114921890617,32.1222241893279,30988108252602.2,30988108252602.2,30988108252602.2,5164684708767.04,5164684708767.04,5164684708767.04,-35,-35,-35,1.56554068885455,0.982189924465796,2.42356070162383
238.199654114693,1.57665054613309,1.07460538821202,2.00951408222244,872.352072085739,638.102285524231,1176.5523812405,30.6841790249495,29.168962184898,32.1615378313451,31868689528592,31858512957155.7,31873684651947.5,5311448254765.34,5309752159525.96,5312280775324.59,-35,-35,-35,1.62123919852688,1.01142177470335,2.5085657578739
269.545480565055,1.56537453211522,1.06196363070184,1.99783725954977,876.567830179296,641.987638804545,1181.15555070946,30.7293379676935,29.2188583982715,32.1997237560344,32647822835855.4,32641512865085.8,32648822002383.5,5441303805975.9,5440252144180.97,5441470333730.59,-35,-35,-35,1.67166092807271,1.04320203626373,2.58216708614722
300.891307015416,1.55423708397187,1.04958383005775,1.98626731639416,880.595238868862,645.693305571985,1185.63388026472,30.7663577271753,29.2588947823064,32.2333417140447,33357283121859.8,33357283121859.8,33357283121859.8,5559547186976.63,5559547186976.62,5559547186976.63,-35,-35,-35,1.70504579914685,1.07060015730807,2.64014992192218
356.770460052749,1.53488183158759,1.02798161438219,1.96615938740755,887.410928106485,651.900317480408,1193.01969653233,30.833754782507,29.3391570083582,32.2897741470678,34544168831909.1,34507484996895.6,34562849658298.9,5757361471984.86,5751247499482.61,5760474943049.82,-35,-35,-35,1.77648456406434,1.11130016586295,2.747690844105
401.732820915876,1.51950449348461,1.01096768162571,1.95013326115685,892.594352919797,656.610210658945,1198.66102931577,30.8805258443978,29.3925844506788,32.3285025076821,35197983743889,35197983743889,35197983743889,5866330623981.5,5866330623981.5,5866330623981.5,-35,-35,-35,1.81981072462815,1.1356623221056,2.8068584504477
446.695181779003,1.50472759910616,0.994573240803142,1.93507561592256,897.535901650962,661.058020299299,1204.10962731415,30.9213482452703,29.4420459624837,32.3635644028662,35850158917362.4,35833117829479.1,35868108278958.2,5975026486227.07,5972186304913.18,5978018046493.04,-35,-35,-35,1.85204293514621,1.15649760802495,2.87534257664132
477.535396479651,1.49461870041699,0.983341677458502,1.92545571300217,900.822979361129,664.02874236789,1207.72281431733,30.9514734561747,29.473275584937,32.3886733938792,36373102955848.8,36372487118108,36375644267703.8,6062183825974.8,6062081186351.33,6062607377950.63,-35,-35,-35,1.88229220057493,1.17430285343749,2.92373217309763
508.375611180298,1.48428425918415,0.971786449938471,1.91567854501153,904.05322860916,666.949938311165,1211.27166981202,30.9830372181003,29.5098822903483,32.4153699698986,36924303701941.1,36924305353862.4,36924305353862.4,6154050616990.19,6154050892310.4,6154050892310.41,-35,-35,-35,1.9187672053511,1.19819114380973,2.97159969249532
539.215825880946,1.47370661365868,0.960065666598353,1.90564316089271,907.258826112778,669.853071188653,1214.84177914215,31.0139161038997,29.5444689426789,32.441740762067,37470687254988.3,37459664382550.9,37476123589616.8,6245114542498.05,6243277397091.81,6246020598269.48,-35,-35,-35,1.95475366569688,1.22030944388047,3.01996049628874
567.189663750746,1.46400900402748,0.949384873729665,1.89641243461121,910.150551337713,672.478590248302,1218.05268631426,31.0406417149777,29.5745514561755,32.4645017341153,37924853964483.5,37915090279830.7,37928090361862.7,6320808994080.58,6319181713305.12,6321348393643.79,-35,-35,-35,1.98423535190833,1.23824636616101,3.06082270815302
595.163501620545,1.45433825605892,0.938746669307663,1.88721656516174,913.027295858266,675.081182965792,1221.23735115942,31.0654063441257,29.6030583593472,32.4861538665377,38349589888010,38349589888010,38349589888010,6391598314668.34,6391598314668.33,6391598314668.34,-35,-35,-35,2.00808067259039,1.25238339843096,3.09611372402474
623.137339490344,1.44469443080623,0.928148969302336,1.87804854535593,915.873107051009,677.650731160107,1224.38251050875,31.0889252694261,29.6303682003693,32.5062499823453,38770613616804.2,38767878452430.2,38771089414157.4,6461768936134.03,6461313075405.04,6461848235692.89,-35,-35,-35,2.02916809666502,1.26462038273523,3.13275487998887
715.0287098954,1.41283487719242,0.892923188614453,1.84782345308987,925.145443491742,686.034434084191,1234.65441040367,31.1695063669493,29.7236306164206,32.5739860924467,40093146427367.8,40084931297867.4,40094435574402.8,6682191071227.97,6680821882977.9,6682405929067.14,-35,-35,-35,2.11366808204874,1.31655999780885,3.26733532222692
806.920080300456,1.38038822156476,0.856999792956886,1.81715625327136,934.365339125165,694.424154226435,1244.8308660706,31.2466103544461,29.8114751886479,32.6397078651014,41335114272540.4,41309658006457.1,41338881259597.4,6889185712090.07,6884943001076.18,6889813543266.23,-35,-35,-35,2.19174859974165,1.36714106638434,3.38675349754937
866.474701536824,1.3591214571311,0.833536228770429,1.79705008408492,940.355614718909,699.887338856376,1251.43345185915,31.2946971190776,29.8681646476305,32.680956254262,42043537536301.2,42007094280222.3,42062126110832.2,7007256256050.19,7001182380037.05,7010354351805.37,-35,-35,-35,2.23774356112468,1.39612130899523,3.45611542450388
910.334002114752,1.34345554339112,0.816308260436682,1.78208276952653,944.762170720273,703.885914818971,1256.27057083308,31.3289452188758,29.9087112361815,32.7095552602501,42479329165067.8,42460006473332.2,42505038061939.3,7079888194177.97,7076667745555.37,7084173010323.21,-35,-35,-35,2.2684737755876,1.41451083346411,3.50605293330419
954.193302692679,1.32800349405398,0.799309124638546,1.76744233689156,949.128642428045,707.865802750929,1261.06266226764,31.3610458553734,29.9460273659921,32.7364995711375,42934094069214.6,42903866955197.1,42984907651450.1,7155682344869.1,7150644492532.85,7164151275241.69,-35,-35,-35,2.29313661886644,1.4291865944676,3.54192847841026
988.377982554422,1.31599670881123,0.786045324191799,1.75607956992775,952.522599094777,710.971854494548,1264.79167641872,31.3862172078571,29.9746955185185,32.7580855985058,43358055062766.7,43354216969996.9,43374740725444.6,7226342510461.12,7225702828332.82,7229123454240.77,-35,-35,-35,2.31376465877768,1.44204958531738,3.56903605211721
1022.56266241616,1.30369047960861,0.772418240895546,1.74432330075253,955.954564658608,714.124303228172,1268.57490764831,31.4140607382283,30.0083245891594,32.7818931871537,43795998868084.3,43769892942309.4,43805260830896.3,7299333144680.71,7294982157051.57,7300876805149.39,-35,-35,-35,2.3437838818151,1.46104305820443,3.61659363960401
1056.74734227791,1.29113712989503,0.758558750057935,1.73248697851715,959.418365923762,717.301377715043,1272.37493951624,31.4423048747126,30.0406224175541,32.804994877384,44187483645238.1,44105186266786.9,44217832839488.8,7364580607539.68,7350864377797.82,7369638806581.47,-35,-35,-35,2.37532587477797,1.47960846414414,3.66848198461017
1074.15409797935,1.28465811018111,0.751323229059829,1.72617097707101,961.196411458243,718.9226442093,1274.33751963983,31.4561830341211,30.0567766309746,32.8163852837502,44341505099651.5,44276238376941.3,44348972143900.1,7390250849941.91,7379373062823.55,7391495357316.69,-35,-35,-35,2.38932576168017,1.48877611132819,3.69587367996417
1091.56085368079,1.27822421647423,0.744155148461559,1.71998706378898,962.96958919772,720.532614244251,1276.27921545256,31.4689459205149,30.0704764349067,32.8278048052543,44477327470815.3,44454439314066,44480111448311.4,7412887911802.54,7409073219011.01,7413351908051.9,-35,-35,-35,2.39942641715847,1.49648704487799,3.72252353728465
1108.96760938223,1.27186797939125,0.73719408916375,1.71399062230011,964.733918899212,722.138057217203,1278.2071575874,31.4806564394779,30.0843330046173,32.837423749986,44610871588856.7,44611250752722.7,44617118092857.2,7435145264809.45,7435208458787.11,7436186348809.54,-35,-35,-35,2.40585995892691,1.49966433035936,3.72796416484141
1166.07010390318,1.25132249801595,0.714554976691155,1.69441154387844,970.488389327311,727.410856880413,1284.52173978703,31.5196523991735,30.1299605446094,32.8703114339272,45096173618374.8,45086851427340.2,45117370878107.3,7516028936395.81,7514475237890.03,7519561813017.89,-35,-35,-35,2.43055201557991,1.51442311803615,3.75632912999726
1223.17259842414,1.23052846646024,0.691639292721742,1.67463300037054,976.26896535215,732.732340419125,1290.84822431044,31.5629753123551,30.1795755500724,32.904924253526,45678897771966.8,45678376040978.4,45678376040978.4,7613149628661.14,7613062673496.39,7613062673496.4,-35,-35,-35,2.47170333790874,1.53610483311942,3.81447894553235
1280.2750929451,1.20924554576787,0.668137360462023,1.654538361093,982.112027762428,738.094320662143,1297.23256186258,31.6058006723504,30.2301582643342,32.9402983053483,46269002427042.3,46269900654616.5,46269900654616.5,7711500404507.05,7711650109102.74,7711650109102.75,-35,-35,-35,2.51121547065345,1.56170330086864,3.88104838387065
1377.10560873895,1.17264911464922,0.627724974167976,1.61946327123501,992.15605525819,747.320778628052,1308.19963633645,31.6778240883256,30.3146180212737,33.0031820042131,47164971466424.4,47150083943900,47170863410156.3,7860828577737.41,7858347323983.33,7861810568359.38,-35,-35,-35,2.57604960686441,1.60498587063663,3.98054271688346
1444.52542421393,1.14736145610211,0.599820204922936,1.59541558678875,999.158225041,753.755462288213,1315.86688547616,31.7234292560063,30.367676706007,33.040839435202,47636190982031.6,47615300867342.6,47669045056098.8,7939365163671.94,7935883477890.43,7944840842683.13,-35,-35,-35,2.60458327474331,1.62376956611018,4.02664619207169
1410.81551647644,1.15993821114666,0.613730904804055,1.60740765883479,995.666519620455,750.546092920979,1312.04018176191,31.7013922379107,30.3415272371379,33.0224413039124,47395034692102.5,47391520601882,47408513660712.9,7899172448683.75,7898586766980.34,7901418943452.15,-35,-35,-35,2.59329072354435,1.61511583182491,4.00420326862746
1478.23533195143,1.1348333860985,0.585959066280887,1.58345922605998,1002.64387850481,756.965657622795,1319.67374613203,31.7454438554158,30.3935064795068,33.0589533851181,47924554388082.4,47917289525254.5,47954949774346,7987425731347.06,7986214920875.76,7992491629057.66,-35,-35,-35,2.61695904675451,1.63049607775053,4.04743663184217
1517.95728739154,1.11988294727333,0.569483589771712,1.56917503651778,1006.77716519536,760.786467704433,1324.19057529978,31.774210911363,30.4270626052687,33.0828325256315,48291037880049,48287605347294.2,48294638986094.1,8048506313341.5,8047934224549.03,8049106497682.34,-35,-35,-35,2.64261987322557,1.64528955615567,4.08093451105828
1557.67924283166,1.10468417530447,0.55275051838051,1.55474003198914,1010.94953956878,764.646565309845,1328.75736474708,31.8042258305719,30.4631522895484,33.1083700664369,48653115023841.8,48646357734636.7,48658202588922,8108852503973.63,8107726289106.12,8109700431487,-35,-35,-35,2.6733190314061,1.66289900020547,4.12563386081711
1597.40119827178,1.08930317771784,0.535668871210008,1.53995813759349,1015.15537203835,768.542515855705,1333.36128926408,31.8333018791166,30.4962379918881,33.1333868215786,48994477839762.1,48989878948877.7,48995279532880.1,8165746306627.01,8164979824812.94,8165879922146.7,-35,-35,-35,2.69965357464759,1.68200959040626,4.16916244336037
1671.52919297131,1.06054666096122,0.504042981371997,1.51180709786633,1023.04325486287,775.819658480605,1341.95499295388,31.8849907055706,30.5556286459589,33.1768760274787,49671345297815.1,49661535019431,49686398163472.6,8278557549635.85,8276922503238.5,8281066360578.76,-35,-35,-35,2.73888318689559,1.71000010008946,4.23340142688704
1745.65718767084,1.03140985160977,0.471925245396292,1.48327183696601,1031.03808495301,783.209570663012,1350.59226747427,31.9392897315211,30.6200879562358,33.2211582853901,50421390263286.7,50409005265985.5,50431583788725.4,8403565043881.12,8401500877664.25,8405263964787.56,-35,-35,-35,2.78931122893108,1.73377232181875,4.31191554455972
1807.18886602803,1.00676140516264,0.444795697688116,1.45906087310236,1037.78818616693,789.464641057268,1357.92546876323,31.9861468370908,30.6738286037228,33.2617359042593,51016253163802.5,51012045945567.4,51022792756571.4,8502708860633.74,8502007657594.57,8503798792761.9,-35,-35,-35,2.83761198889732,1.76630424808463,4.38338001802174
1868.72054438523,0.981955412671452,0.417508359079875,1.43475991140411,1044.60086694238,795.77279640103,1365.31509343603,32.0311111697746,30.7259696353958,33.2988720856814,51617052451586.9,51609684956597.7,51627456698431,8602842075264.48,8601614159432.95,8604576116405.18,-35,-35,-35,2.87756017905351,1.79215512838723,4.44512260219361
1915.3550370762,0.963066228828315,0.396784196110548,1.41625768966324,1049.80654754578,800.581803499111,1370.94302045385,32.0648722264884,30.7652501348383,33.3267992689413,52088878805281.6,52069269753712.6,52096946814004,8681479800880.26,8678211625618.78,8682824469000.67,-35,-35,-35,2.90655642119114,1.80843561878377,4.48678545838652
1961.98952976718,0.944009049747427,0.375864462540481,1.39750429051372,1055.05993972602,805.468913335904,1376.65342976144,32.0996542249549,30.8060843360003,33.3562063193235,52539096369441.1,52517790025571.6,52556681738897.4,8756516061573.51,8752965004261.92,8759446956482.89,-35,-35,-35,2.94028332375934,1.82872145364576,4.53733490197266
1994.61789525888,0.930595850289869,0.361141754123303,1.3843752712376,1058.76079903369,808.895561606658,1380.67445263672,32.1240721257537,30.8344231087905,33.3773341629294,52834852615049,52819606862312.5,52850889788394.4,8805808769174.84,8803267810385.41,8808481631399.07,-35,-35,-35,2.96441361339407,1.84447056277926,4.57608503826537
2020.11968140326,0.920091618591487,0.349592533318413,1.3741396274808,1061.66326842408,811.58702968628,1383.81721703518,32.1429318433855,30.8562939188583,33.3938473330258,53066419069585.5,53048151676526.2,53097719106734.8,8844403178264.24,8841358612754.36,8849619851122.46,-35,-35,-35,2.98221602425788,1.85677980374291,4.60293144634143
2037.91404600803,0.912765198412345,0.341534560424215,1.36699108610766,1063.69212319831,813.470930039138,1386.01014168981,32.1557665199523,30.8710866659955,33.4053697169018,53234548399791.7,53199317152685,53271781478137.3,8872424733298.62,8866552858780.82,8878630246356.21,-35,-35,-35,2.99307396167615,1.86536881474296,4.6192372218374
2051.23827145044,0.907270457902735,0.335500773624528,1.36163796961613,1065.21475819612,814.88157400255,1387.65217966786,32.1653057033957,30.8819833087788,33.4139975518262,53362421110255,53317619667589.7,53402314122010.9,8893736851709.17,8886269944598.28,8900385687001.82,-35,-35,-35,3.00084514471395,1.87180017216616,4.63144680804893
2044.57615872924,0.910017420600409,0.338517673968809,1.36431453239679,1064.45356341342,814.176252020844,1386.83116067883,32.1605361999339,30.8765349873871,33.4096836343639,53298337727021,53257941821793.2,53337047800074.1,8883056287836.84,8876323636965.54,8889507966679.02,-35,-35,-35,2.99695597095628,1.86858449345456,4.62534201494316
2057.90038417164,0.904525638476614,0.332483859395368,1.35896139776784,1065.97544491919,815.586895984257,1388.47319865689,32.1700734153582,30.8874316301705,33.4181455554416,53427951376405.6,53391032250783.9,53468044261559.2,8904658562734.27,8898505375130.65,8911340710259.87,-35,-35,-35,3.00474646748939,1.87501585087776,4.63755160115469
2074.36724454715,0.897741731763313,0.32502684025256,1.35237407389994,1067.85640275261,817.330252645812,1390.4941402853,32.181823006965,30.9011259351363,33.4268217893119,53594814425776,53574743271917.4,53630612819443.8,8932469070962.66,8929123878652.91,8938435469907.3,-35,-35,-35,3.0143090553406,1.87930695548013,4.65264092490241
2090.83410492267,0.890937276337395,0.317531819119402,1.34571686538472,1069.74332187498,819.077804506876,1392.52260599252,32.193653228527,30.9152821087646,33.4354659472299,53768082513125.8,53748513152179.9,53793337518774.4,8961347085520.97,8958085525363.33,8965556253129.07,-35,-35,-35,3.02423839995776,1.88341565178078,4.66960637857943
2107.30096529818,0.884101344118103,0.309982044571988,1.33905341701798,1071.63769273886,820.85267040421,1394.55394182011,32.2056791226391,30.9298340069323,33.4441480743662,53943111591306,53922261879001,53960595402964,8990518598550.99,8987043646500.17,8993432567160.67,-35,-35,-35,3.03512164388286,1.88739424132483,4.68831189505522
2123.76782567369,0.877229380032694,0.302415138554309,1.33232455940393,1073.54077527217,822.627536301544,1396.62034258518,32.2179351886651,30.944531980602,33.4547806781581,54117337566006.1,54091936594577,54138349762705.1,9019556261001.01,9015322765762.83,9023058293784.18,-35,-35,-35,3.04706133346914,1.89697307894564,4.70671342372801
2183.44771703065,0.852125225511339,0.274990057666066,1.30753446674081,1080.48561369978,829.060080302681,1404.13359101831,32.2632317426563,30.9970862363772,33.495512775252,54703247290380.4,54668019626470.6,54716594761448.3,9117207881730.06,9111336604411.76,9119432460241.39,-35,-35,-35,3.09409463387984,1.92695968256438,4.77340502169815
2243.12760838761,0.826819302143629,0.247365053463168,1.28284071842178,1087.49941107144,835.576482405313,1411.66672555536,32.3076786265781,31.0474790106002,33.5298762467816,55231587010618.4,55221131775900.9,55245031829692.9,9205264501769.74,9203521962650.14,9207505304948.82,-35,-35,-35,3.13781009657031,1.94487328673014,4.84311593196326
2302.80749974457,0.801502738693897,0.219273057858607,1.25826248863635,1094.54882476459,842.166796431497,1419.25417905699,32.350413445756,31.0985369810431,33.5650517195339,55776627857799.2,55770004780692.6,55784215221832.9,9296104642966.53,9295000796782.1,9297369203638.82,-35,-35,-35,3.17345800347823,1.96972866031077,4.90055114480535
2362.48739110152,0.776076724572239,0.191248326957393,1.23338011080558,1101.64115041023,848.797227968237,1426.91609448039,32.3935704876822,31.1487989572129,33.6029153999816,56318885637741.2,56303860404101.8,56328695492780.8,9386480939623.53,9383976734016.97,9388115915463.48,-35,-35,-35,3.21111472564387,1.99719771423762,4.96236472749696
2475.72254594524,0.727414700412456,0.144001231237699,1.18566171385848,1115.22479590706,861.466558519747,1441.60029282059,32.4754441346852,31.2425985962346,33.671666968106,57404795093002.6,57383567496447.3,57449510067318,9567465848833.77,9563927916074.54,9574918344553,-35,-35,-35,3.28457364887112,2.04251155610754,5.07523116588874
2568.22301446056,0.686609052127471,0.104177555416445,1.14570329979842,1126.56802829171,872.057851641507,1453.85017776892,32.5474101245604,31.3286191892192,33.7336211226794,58493129979369,58483385388277.7,58498968865601.5,9748854996561.49,9747230898046.28,9749828144266.92,-35,-35,-35,3.36782699982142,2.09313669156242,5.2029023624534
2660.72348297589,0.64484894799298,0.0636470538298442,1.1047502836108,1138.18781128097,882.928732856583,1466.32455049163,32.6199149587171,31.4085003906166,33.7935788109446,59560653737918.6,59553480788237.1,59571293333319.4,9926775622986.43,9925580131372.85,9928548888886.57,-35,-35,-35,3.45194575198299,2.14376609876668,5.32194895125438
2753.22395149121,0.602590569159608,0.0225388888649655,1.06549415884645,1150.03191935436,894.026951324062,1479.04053992259,32.6919524689172,31.493139310866,33.855226963026,60658896959349.2,60635510694681.2,60680120053935.3,10109816159891.5,10105918449113.5,10113353342322.5,-35,-35,-35,3.53323770043845,2.19530393995185,5.45758372171394
2835.04237989726,0.56489786726968,-0.014320065968292,1.03108770739973,1160.65810373623,903.979879599171,1490.4763264278,32.7552150885612,31.5662610689743,33.9080474354629,61534629175803.2,61528177156061.5,61549485297111,10255771529300.5,10254696192676.9,10258247549518.5,-35,-35,-35,3.60253253423575,2.23833757204398,5.56339689772745
2867.1027513477,0.550036356029053,-0.0287544574920516,1.01750276053959,1164.87188488386,907.912466275999,1494.97875325546,32.779270529718,31.5940670601501,33.9278928391694,61882407295058.4,61876396596475.3,61896982928726.6,10313734549176.4,10312732766079.2,10316163821454.4,-35,-35,-35,3.62579089108638,2.25202774422401,5.59747037856261
2888.97691252806,0.539898916471612,-0.0386019220064973,1.00823243522864,1167.74842187774,910.608519156022,1498.0577860904,32.7958209140497,31.6131329549224,33.9419955622168,62125743854228.9,62122260340224.3,62135690307932,10354290642371.5,10353710056704.1,10355948384655.3,-35,-35,-35,3.64261162198048,2.26139385041418,5.62184310455658
2905.59969976864,0.532185197757624,-0.0461048122293464,1.00117067560759,1169.9377175333,912.664447459644,1500.40394884968,32.8084944358695,31.6276428024109,33.9529676364527,62311586603015.7,62306921929066.6,62316053924709.5,10385264433836,10384486988177.8,10386008987451.6,-35,-35,-35,3.65591091418366,2.26927803693553,5.64286585951821
2917.38742534477,0.526698306736193,-0.051433472189682,0.996158735544949,1171.49515204589,914.12939783284,1502.07295744549,32.8175302577149,31.6381810930851,33.9608704700517,62442993965815.7,62436192034089.3,62446249195373.8,10407165660969.3,10406032005681.6,10407708199229,-35,-35,-35,3.66553415184555,2.27552964514414,5.65777373644374
2925.80381886928,0.522771528634217,-0.0552693265550427,0.992580555659766,1172.61015255766,915.175367112925,1503.26601193853,32.8240281042184,31.6458713364765,33.9665130647234,62536289643408.7,62527235457103.5,62540078453055.9,10422714940568.1,10421205909517.3,10423346408842.6,-35,-35,-35,3.67266054481356,2.28016723033074,5.66841790677245
2921.59562210702,0.524735268993202,-0.0533513972835375,0.994369860326739,1172.05253613614,914.652382472883,1502.66948469201,32.8207769264728,31.6420262147807,33.9636917673876,62489673090781.5,62481755601839.8,62493115561480,10414945515130.2,10413625933640,10415519260246.7,-35,-35,-35,3.66908583932583,2.27784843773744,5.6630958216081
2930.01201563154,0.520806190416825,-0.0571872600034419,0.99079091601115,1173.16824809587,915.698351752968,1503.86253918504,32.8272845761616,31.6497164581721,33.9693343620592,62582791336595.4,62573226833776.4,62587414903089.5,10430465222765.9,10428871138962.7,10431235817181.6,-35,-35,-35,3.67626207347842,2.28248602292405,5.6737399919368
2946.20026469568,0.513231436778714,-0.0645661647471551,0.983901223676339,1175.31930678184,917.710188672206,1506.15728255988,32.8398675911461,31.664508016459,33.980187434417,62760126365668.4,62747832045049.9,62770255830702.9,10460021060944.7,10457972007508.3,10461709305117.1,-35,-35,-35,3.69037360769454,2.29140604120008,5.69422070763598
2962.38851375982,0.505637860617588,-0.0719711961980618,0.976946632333896,1177.47613042128,919.734192645679,1508.47471129306,32.8524929442275,31.6792121209634,33.9911542495382,62933767867692,62921349938874.1,62941528180321.2,10488961311282,10486891656479,10490254696720.2,-35,-35,-35,3.70466249097142,2.30088476137303,5.71554307964114
2978.57676282396,0.498032166575356,-0.079376290241599,0.969726406192825,1179.63667854571,921.765147004908,1510.79723900243,32.8650732298166,31.6939156850796,34.0018838416461,63105469137017.3,63094494332843.4,63109898592213.1,10517578189502.9,10515749055473.9,10518316432035.5,-35,-35,-35,3.71879326696174,2.31029719393492,5.73884101985883
2994.76501188811,0.490412027125777,-0.0867814468340157,0.962076900065732,1181.80247200653,923.797704370452,1513.11976671179,32.8776127267873,31.708375954484,34.0126134337538,63277372221784.2,63266785418690.9,63293672775467.1,10546228703630.7,10544464236448.5,10548945462577.8,-35,-35,-35,3.73270684248086,2.31970962649682,5.76213896007652
3039.24465694103,0.469434878274255,-0.107249596414365,0.941005215197914,1187.77230176128,929.397167385009,1519.51831204441,32.9115879499377,31.7473802422738,34.0411771804523,63769079123549.3,63737680796461.2,63808997422019.3,10628179853924.9,10622946799410.2,10634832903669.9,-35,-35,-35,3.76883047328954,2.34200877888863,5.8227947101881
3063.632473356,0.457910364533723,-0.118498183323071,0.929424443221301,1191.05742664202,932.48597376916,1523.0383333736,32.9300985236475,31.7689543660073,34.0562501267389,64067064769681.5,64041666409201,64108390642469.4,10677844128280.3,10673611068200.2,10684731773744.9,-35,-35,-35,3.78821972090922,2.35271872211284,5.85075931911994
3088.02028977097,0.446323653411007,-0.129746895384442,0.917732995511353,1194.35829876244,935.588748951971,1526.5682289442,32.9490714053129,31.7908446546414,34.0718364672633,64391510181280.4,64383057768767.2,64417612533303.8,10731918363546.7,10730509628127.9,10736268755550.6,-35,-35,-35,3.8098463273532,2.36527420738413,5.87872392805178
3112.40810618595,0.434634491241413,-0.141168914707273,0.905940265238594,1197.68489731095,938.711651274357,1530.14942269608,32.9686781642442,31.8131532269323,34.0889863200816,64725255163894.6,64689188603752.9,64739568540054.8,10787542527315.8,10781531433958.8,10789928090009.1,-35,-35,-35,3.83484286641614,2.38242037167995,5.90975912020729
3150.01956246465,0.416382802366689,-0.158964666276534,0.887576289334112,1202.86892815596,943.611598643731,1535.69552350824,32.9998387225638,31.8488069596169,34.1161313538664,65209438997231.8,65148641362443.8,65258738254886.2,10868239832872,10858106893740.6,10876456375814.4,-35,-35,-35,3.8782807809653,2.41011258866086,5.97879293070061
3187.63101874336,0.397929695662306,-0.176776842796479,0.869156481728904,1208.10582481569,948.537303291886,1541.26275080718,33.0313155060269,31.8862883690711,34.1427948339909,65608455537933.6,65577178513054,65616067467191.1,10934742589655.6,10929529752175.7,10936011244531.9,-35,-35,-35,3.92236546797251,2.43327822760273,6.05247104246871
3225.24247502207,0.379606468609452,-0.194680519177955,0.850815363624713,1213.35330236339,953.470433310159,1546.88566993657,33.0596560179269,31.9179369241199,34.1658986713533,65972760211302.9,65970264732529,65978710445116.3,10995460035217.2,10995044122088.2,10996451740852.7,-35,-35,-35,3.94997319836672,2.44761705931346,6.0999393844218
3262.85393130078,0.361397079043873,-0.21258095572384,0.832627263368284,1218.60169969858,958.397702684798,1552.50274271223,33.0868830439451,31.9488259381022,34.189203298547,66340030575418.8,66336566892933.7,66351061352926.9,11056671762569.8,11056094482155.6,11058510225487.8,-35,-35,-35,3.9721466993301,2.46415883180106,6.13884259181968
3334.39945166301,0.326695719576797,-0.246357007279328,0.797777707551978,1228.62569209959,967.802764039125,1563.24656843586,33.1409547810873,32.011796008275,34.2355546597947,67089420870801.1,67077706779112.8,67118250397228.7,11181570145133.5,11179617796518.8,11186375066204.8,-35,-35,-35,4.02722922226213,2.50167303980784,6.21920686827117
3378.13279972438,0.305286010867233,-0.267196189847485,0.776169218611212,1234.80760478805,973.617798245883,1569.86146224102,33.175037260323,32.0515032796256,34.264946627286,67641200187663.6,67636714110597.8,67659040315573.2,11273533364610.6,11272785685099.6,11276506719262.2,-35,-35,-35,4.06723551524931,2.52691827178125,6.2768805192562
3421.86614778576,0.283537109502782,-0.288355219845959,0.754196649059415,1241.06161257052,979.524153398465,1576.55535842279,33.2107930709999,32.0913223317404,34.2949773251798,68248036116301.8,68227238683632.6,68254487276809.4,11374672686050.3,11371206447272.1,11375747879468.2,-35,-35,-35,4.11594306893502,2.55825381765383,6.3510298183948
3465.59949584714,0.261409492254047,-0.31007814235089,0.731983193227195,1247.40312752232,985.49129463767,1583.32337435805,33.247854439925,32.1341726502724,34.3259466525715,68782280770666.9,68752873413116.2,68798808105403.7,11463713461777.8,11458812235519.4,11466468017567.3,-35,-35,-35,4.17214177049377,2.58933097557063,6.43734276887453
3519.90305633709,0.233933449510219,-0.336756373136711,0.704519077105565,1255.32943684544,992.925926446645,1591.76149688916,33.289918954301,32.1827836806354,34.360339318887,69309394837888,69306828238723.8,69310199434713.7,11551565806314.7,11551138039787.3,11551699905785.6,-35,-35,-35,4.2182328948343,2.61214436437864,6.51092794123833
3574.20661682703,0.206752914449199,-0.36375933717548,0.677274463652304,1263.25309217375,1000.40616960486,1600.21652148867,33.3290106862668,32.2282834817245,34.394809212427,69797364229256.1,69793968650898.7,69798794737675.6,11632894038209.3,11632328108483.1,11633132456279.3,-35,-35,-35,4.24869261262834,2.63431042844676,6.55644657650545
3628.51017731697,0.179679702264805,-0.391575929240543,0.650062781943815,1271.1835433572,1007.91067014794,1608.67652734627,33.3689587103665,32.2750738514958,34.4291993147758,70261867506485.8,70259046934054.5,70270438813888.5,11710311251081,11709841155675.8,11711739802314.7,-35,-35,-35,4.28536987364402,2.6592941024503,6.61225383047398
3727.75858453896,0.129923646354034,-0.442678089891248,0.600134997630718,1285.74265960209,1021.66161894802,1624.21105831272,33.4428635094355,32.3613984282841,34.4917786718112,71194861568582.9,71173458504019.6,71256179949579.9,11865810261430.5,11862243084003.3,11876029991596.7,-35,-35,-35,4.36005678528826,2.70502968767392,6.72562498240268
3763.11796011753,0.111899340222152,-0.461296567396826,0.582114619886929,1290.98618141201,1026.60777962967,1629.80344707336,33.4699564101842,32.3927537052767,34.5143460444436,71703090989968.8,71679396849868.2,71795020684957.9,11950515164994.8,11946566141644.7,11965836780826.3,-35,-35,-35,4.39117839703198,2.72380845319695,6.77454645484874
3786.45288521754,0.0998371637875851,-0.473698009538006,0.570271316751917,1294.48241470051,1029.91514367334,1633.50413558387,33.4899690874686,32.4146970197299,34.5298942467108,72209026892960.3,72206799985511.3,72215954155031.3,12034837815493.4,12034466664251.9,12035992359171.9,-35,-35,-35,4.42445258550642,2.73993992674205,6.82397677392521
3809.78781031755,0.0874641417705635,-0.486366959032339,0.558291569469119,1298.03809351738,1033.26949472851,1637.28167033774,33.5123439357941,32.4396481474055,34.5496480065834,72733284740597.6,72733478331766.3,72734203121154.6,12122214123432.9,12122246388627.7,12122367186859.1,-35,-35,-35,4.4718636193093,2.76889744450833,6.88480381536428
3833.12273541756,0.0748752164086067,-0.499218433784792,0.546155969229071,1301.64352268091,1036.67069423343,1641.17042213779,33.534993773168,32.4654546593159,34.5728112966103,73254547960146.8,73235120513433.7,73261606256797.8,12209091326691.1,12205853418905.6,12210267709466.3,-35,-35,-35,4.5201246556776,2.81102694899387,6.9453394058892
3866.72247083458,0.0564082444922628,-0.518074781161933,0.528203971977492,1306.93059773967,1041.66571313616,1646.79326177476,33.5669881760331,32.5037110136948,34.599137025677,73873236456579.9,73850797890785,73879276955171.5,12312206076096.7,12308466315130.8,12313212825861.9,-35,-35,-35,4.58449900412428,2.84368383060155,7.04674399837073
3900.32220625161,0.0379937630959443,-0.537083069739987,0.510316886781547,1312.255586171,1046.68804428907,1652.4569973479,33.5950576393796,32.5371393126853,34.6221462205086,74353903661165.1,74353903661165,74353903661165.1,12392317276860.8,12392317276860.8,12392317276860.9,-35,-35,-35,4.62503107267985,2.8654494203874,7.13497369479011
3933.92194166863,0.0197647963105882,-0.555911989576398,0.492598514842093,1317.60311531527,1051.76791652657,1658.12664998281,33.6217919762354,32.5686629088718,34.6429874134762,74827802986297.6,74824819148642.1,74828530367158.7,12471300497716.3,12470803191440.3,12471421727859.8,-35,-35,-35,4.65565429606723,2.87840815272892,7.20369707087817
3989.26700495761,-0.0101312979793402,-0.586750403783829,0.463739364663856,1326.46133745124,1060.15012717296,1667.5459128483,33.6680925245853,32.6153456221123,34.6858147977814,75573276910552.6,75572723948993.1,75573350730278.4,12595546151758.8,12595453991498.8,12595558455046.4,-35,-35,-35,4.72119022562267,2.9315038004122,7.29458027300844
4044.61206824659,-0.0401193152060917,-0.617535455733797,0.434909683215146,1335.39895298712,1068.59460736167,1677.05222256422,33.7138174767786,32.6698838205211,34.7246222633855,76296271204194.5,76285867933276.3,76303029950628.5,12716045200699.1,12714311322212.7,12717171658438.1,-35,-35,-35,4.78397148671266,2.96878231805803,7.38607630482676
4076.70543806586,-0.0575888746550576,-0.635417280193231,0.41798405882816,1340.61571319314,1073.54721932086,1682.61196009773,33.7401924364162,32.7007798332068,34.7466157416126,76698610825706.5,76691372575548.8,76701005448611.8,12783101804284.4,12781895429258.1,12783500908102,-35,-35,-35,4.81957913498115,2.98790561600936,7.43941078360935
4095.18116795607,-0.067659342029415,-0.645704464752949,0.408218543267594,1343.62634944956,1076.40402068646,1685.81823449814,33.7552887589138,32.7181443130314,34.7594190362606,76926386728096,76921507052949,76927193683384.3,12821064454682.7,12820251175491.5,12821198947230.7,-35,-35,-35,4.83962522792399,2.99965400228955,7.47026550092062
4113.65689784628,-0.0777380501835193,-0.655991730478579,0.398446175060707,1346.64340069109,1079.27503061292,1689.02898783906,33.7702823693836,32.7352778766884,34.772162206226,77153056034789.4,77151421917536.2,77153381918156.9,12858842672464.9,12858570319589.4,12858896986359.5,-35,-35,-35,4.85909578609759,3.01123171089101,7.50112021823188
4132.13262773649,-0.0878240070694005,-0.666279077288678,0.388688109770181,1349.66642486952,1082.14766936055,1692.23974117998,33.7852186362404,32.7523659218295,34.7849053761913,77379476329450.3,77379570152929.4,77379570152929.4,12896579388241.7,12896595025488.2,12896595025488.2,-35,-35,-35,4.87824919262853,3.02280941949248,7.53157177285929
4201.48704778999,-0.125805537186104,-0.704911357755271,0.352126641790737,1361.08354005089,1093.01574333831,1704.36429201844,33.8410753554104,32.8162130249943,34.8325971622091,78233972085650.2,78228638305516.4,78257116802599,13038995347608.4,13038106384252.7,13042852800433.2,-35,-35,-35,4.9490802688394,3.06611459110346,7.64256297122938
4270.8414678435,-0.164019652340484,-0.744547021605948,0.315595980900571,1372.6001342748,1103.95704954093,1716.58673445548,33.8972642616275,32.8801132540169,34.8811187212046,79130940117003,79116960407012.5,79155399658509.3,13188490019500.5,13186160067835.4,13192566609751.6,-35,-35,-35,5.0220911100892,3.11306087784082,7.75303024906357
4340.19588789701,-0.202714318272468,-0.784502776082631,0.278317333219929,1384.26000530211,1115.00585982745,1728.94786998891,33.9547395573839,32.9451856276642,34.9308472365727,80107211125937.1,80096654429228.3,80122734025122.8,13351201854322.9,13349442404871.4,13353789004187.1,-35,-35,-35,5.10367686339336,3.16650476481752,7.8729100881182
4409.55030795052,-0.241897814934159,-0.824628444906086,0.240321471184962,1396.07615500483,1126.21367922169,1741.49739684853,34.0134323288139,33.0116565623089,34.9816971306257,81130718387604.1,81122074075195.2,81138462780040.3,13521786397934,13520345679199.2,13523077130006.7,-35,-35,-35,5.19386432162161,3.22285104492362,8.00822005576271
4474.13850590765,-0.27882503621952,-0.862649611010764,0.205897366926937,1407.23961971203,1136.7163047419,1753.28335453793,34.0688154778347,33.0747278217778,35.0293197007978,82077428553289.2,82063808185323.2,82082887975123.8,13679571425548.2,13677301364220.5,13680481329187.3,-35,-35,-35,5.28348191042293,3.27770347211385,8.14353337974997
4538.72670386479,-0.316086240019858,-0.901176855420634,0.171637815879143,1418.55464310635,1147.53389888365,1765.30867096267,34.1237504697183,33.1382031333305,35.0764940962623,82995063142377.8,82993654820756.5,82995254791766.3,13832510523729.6,13832275803459.4,13832542465294.4,-35,-35,-35,5.37013601934405,3.32967839328385,8.27793377783451
4603.31490182193,-0.353479410091072,-0.940019347111525,0.1377755063797,1429.98446956551,1158.37035476332,1777.40542891708,34.1775928848242,33.1993100107161,35.1226247010775,83907621608408.7,83907621608408.6,83907621608408.7,13984603601401.4,13984603601401.4,13984603601401.5,-35,-35,-35,5.44905010555295,3.37954324806082,8.40484020027073
4667.90309977907,-0.391039675864538,-0.978505554794377,0.10393648832367,1441.52593515709,1169.34324264405,1789.63840399582,34.2314012544323,33.2597802382852,35.1681668961518,84822576320367.5,84819988425051.1,84843034500823.7,14137096053394.6,14136664737508.5,14140505750137.3,-35,-35,-35,5.52706332902906,3.42526827954945,8.5275298695519
4807.2987972915,-0.473049764700982,-1.06274509684574,0.0298258330411597,1466.8617678866,1193.57684207529,1816.40936254936,34.3487491278973,33.3922586117685,35.2704513898138,86928413155424.1,86852527669429.5,86964306589425.5,14488068859237.3,14475421278238.3,14494051098237.6,-35,-35,-35,5.70417704829587,3.53949121364619,8.80404397393034
4921.86392341346,-0.541853280830933,-1.13703382529693,-0.0323077745066779,1488.21817877941,1213.94033782212,1838.96997523778,34.4481731143787,33.5027073133163,35.3549262646175,88564618981425,88468783273718.3,88726113720897.5,14760769830237.5,14744797212286.4,14787685620149.6,-35,-35,-35,5.87220915071036,3.63682342078564,9.07059105829084
5001.7002192082,-0.589915616489988,-1.18856243700182,-0.0759770059915132,1503.27628193933,1228.18450789496,1854.92676612614,34.5147431518794,33.5808703396454,35.4130191530185,89909498672689.2,89873098556470.9,90057486070354.5,14984916445448.2,14978849759411.8,15009581011725.8,-35,-35,-35,5.96980351639187,3.70073274159794,9.20280809107095
5030.95360987682,-0.607805920891234,-1.20790014485267,-0.0920880871681419,1508.87497629907,1233.51065448988,1860.85723063068,34.5418640241942,33.6088191112007,35.4377016960754,90481046107213.2,90433666336115.6,90551243499402.5,15080174351202.2,15072277722685.9,15091873916567.1,-35,-35,-35,6.02600314871597,3.73500310456678,9.28368166522474
5060.20700054545,-0.62598307435515,-1.22736286673985,-0.108480745190517,1514.55095128824,1238.98174087333,1866.88759078865,34.5694292967416,33.6372446558651,35.4616945238404,91026437948748.8,90956917021536.7,91049682047942.3,15171072991458.1,15159486170256.1,15174947007990.4,-35,-35,-35,6.08553473501169,3.77418294909717,9.38328943960318
5089.46039121407,-0.64431749752413,-1.24688994199429,-0.124975596674769,1520.27875144904,1244.4429460382,1872.93831558787,34.5962107378213,33.6674713279452,35.4846718591373,91534378273778.5,91466424884217.3,91545558826013.3,15255729712296.4,15244404147369.6,15257593137668.9,-35,-35,-35,6.13923711442796,3.80545435200217,9.47005234091757
5118.71378188269,-0.662635242102684,-1.26673342776099,-0.141482277084837,1526.02670499132,1249.92771395984,1878.99638887813,34.6219398207859,33.6974351589022,35.5064398486423,92030831322445.4,91968958462746.2,92041435604084.3,15338471887074.2,15328159743791,15340239267347.4,-35,-35,-35,6.1856906043172,3.83114793837452,9.54726588490044
5154.41877945695,-0.684999478158754,-1.29095365247768,-0.16168476072524,1533.08824164191,1256.63431718035,1886.44530310655,34.6533415925234,33.7338872584735,35.5331976973584,92627848095054.8,92575490544744.6,92642512849590.4,15437974682509.1,15429248424124.1,15440418808265.1,-35,-35,-35,6.24057217311355,3.86112889820263,9.63926390834321
5190.1237770312,-0.707395573749847,-1.31512248718368,-0.181971105561636,1540.18979798942,1263.35404657006,1893.94724762105,34.6851000523853,33.7706950407124,35.5604949646818,93212179511212.2,93179874071792.7,93231182520577.4,15535363251868.7,15529979011965.4,15538530420096.2,-35,-35,-35,6.29747405209001,3.89637267888561,9.72389626802433
5225.82877460546,-0.72984063126316,-1.3392541094556,-0.201844281687188,1547.34243850018,1270.10623705227,1901.51271785087,34.7165855347791,33.8074955448984,35.5877222393774,93803954599105.5,93782501216777.9,93849254369823.4,15633992433184.2,15630416869463,15641542394970.6,-35,-35,-35,6.35220288624999,3.92942579259904,9.79873024193116
5261.53377217972,-0.752352964863816,-1.36338943192489,-0.22175514964952,1554.54001999117,1276.85842753448,1909.10262071015,34.7478408609684,33.8442382825094,35.6147772681711,94423982589818.6,94389940346972.5,94476128676171,15737330431636.4,15731656724495.4,15746021446028.5,-35,-35,-35,6.40527072120901,3.96149270534915,9.87425554648656
5331.44566683632,-0.796783471184071,-1.41118309592063,-0.261193835580088,1568.782186079,1290.63218587285,1924.11445238618,34.8101568752624,33.9162273118116,35.6702332688789,95708725946672.1,95706698821755.9,95720770502550.5,15951454324445.4,15951116470292.6,15953461750425.1,-35,-35,-35,6.51832939842763,4.03810709987144,10.042929940678
5401.35756149292,-0.841928553439935,-1.45969244103013,-0.301353393029805,1583.29878937934,1304.46440082212,1939.41143503294,34.8747259224232,33.9866106374645,35.7267399618804,97023544927187,97023457296539.2,97023457296539.2,16170590821197.8,16170576216089.9,16170576216089.9,-35,-35,-35,6.64911621619415,4.12044652581285,10.2431564467739
5471.26945614952,-0.887569529058595,-1.50862584706642,-0.341946671351247,1598.03414807875,1318.41920405998,1954.97856591947,34.9395317297079,34.0574579919256,35.7826107139181,98340215771322.5,98340215771322.5,98340215771322.5,16390035961887.1,16390035961887.1,16390035961887.1,-35,-35,-35,6.7820402759294,4.19684047334613,10.4634249596381
5541.18135080612,-0.933650863466659,-1.55808410101401,-0.382802824812501,1613.00959731668,1332.66773449679,1970.70418063483,35.0039445026422,34.1278015276363,35.8383751992977,99656974246105.8,99656974246105.8,99656974246105.8,16609495707684.3,16609495707684.3,16609495707684.3,-35,-35,-35,6.91104982546485,4.27449534743847,10.6672654791426
5713.2218794415,-1.0486097100891,-1.68197128112055,-0.484821061822052,1650.82045065951,1369.18171272388,2010.45791710355,35.162836745617,34.308269440613,35.9767953600321,102892092518603,102865113099282,102897278706449,17148682086433.8,17144185516547,17149546451074.9,-35,-35,-35,7.22969269616463,4.47096702215526,11.1510442109062
5885.26240807688,-1.165349054639,-1.80700367248707,-0.588131489138644,1689.75606768857,1406.71302262639,2051.49767253692,35.3215985215963,34.4861325375016,36.1152269904564,105784033030845,105710389221292,105805507524267,17630672171807.5,17618398203548.7,17634251254044.5,-35,-35,-35,7.54854512436967,4.66502360293696,11.6470322465824
6000,-1.24385845670189,-1.89065993273555,-0.656305162328923,1716.29845732578,1432.08487758814,2079.64374897232,35.4239167087687,34.5976013146907,36.2093895599445,106886022487301,106886022487301,106886022487301,17814337081216.8,17814337081216.8,17814337081216.8,-35,-35,-35,7.73169033985159,4.80527253605973,11.8571983353403
5966.3444044417,-1.22006969720085,-1.86484858168485,-0.636086829811775,1708.31571608736,1424.6287075903,2071.02598861071,35.3888601848598,34.5614786108201,36.1739113683177,106569078633233,106569078633233,106569078633233,17761513105538.9,17761513105538.9,17761513105538.9,-35,-35,-35,7.63404990987763,4.70058700138181,11.772414534803
5925.80340625929,-1.19278137305746,-1.83570678208219,-0.612091490877455,1699.02731922729,1415.66818973219,2061.26249255652,35.3561393829127,34.5254362103158,36.1457995658251,106186836561316,106187293078750,106187293078750,17697806093552.7,17697882179791.7,17697882179791.7,-35,-35,-35,7.59928508428149,4.68179897665206,11.7179133947667
