folder,param1,param2,best_p,csv_name,c,d,avg_delta_term,avg_mu_raw_term
-5_-60,-5,-60,0.0351105841673274,CHEES_-35_4700.csv,-35,4700,0.0340713103835964,0.0374138562143141
-5_-58,-5,-58,0.0352950370221592,CHEES_-35_4700.csv,-35,4700,0.034214165710678,0.0389113672133237
-6_-60,-6,-60,0.0353608372496392,CHEES_-35_4700.csv,-35,4700,0.0343275814528777,0.0371972086834166
-5_-56,-5,-56,0.0354567288072419,CHEES_-35_4800.csv,-35,4800,0.0341499503994859,0.0470440226792173
-6_-58,-6,-58,0.0355331023703833,CHEES_-35_4700.csv,-35,4700,0.034458922366058,0.0386704801557107
-7_-60,-7,-60,0.0356198477178733,CHEES_-35_4700.csv,-35,4700,0.0345934098786242,0.036951762212967
-5_-54,-5,-54,0.0356431678940601,CHEES_-35_4800.csv,-35,4800,0.0342692862697815,0.0494597384740312
-6_-56,-6,-56,0.0356571047179294,CHEES_-35_4800.csv,-35,4800,0.0343574524527658,0.0467874815458902
-7_-58,-7,-58,0.0357734329264599,CHEES_-35_4700.csv,-35,4700,0.0347058349778554,0.0384335261497629
-6_-54,-6,-54,0.0358376248854169,CHEES_-35_4800.csv,-35,4800,0.034470858974385,0.0492035727971486
-8_-60,-8,-60,0.0358708679211811,CHEES_-35_4700.csv,-35,4700,0.0348513763610623,0.0367016961642774
-5_-52,-5,-52,0.0358823055518583,CHEES_-35_4800.csv,-35,4800,0.0344305971607825,0.0522615020787272
-7_-56,-7,-56,0.0358891542257147,CHEES_-35_4800.csv,-35,4800,0.0345963658077149,0.0465403830479958
-8_-58,-8,-58,0.0360477003997239,CHEES_-35_4700.csv,-35,4700,0.0349870748934672,0.0381825182252413
-7_-54,-7,-54,0.0360567436837422,CHEES_-35_4800.csv,-35,4800,0.0346963145620163,0.0489754483821314
-6_-52,-6,-52,0.0360903481133615,CHEES_-35_4800.csv,-35,4800,0.0346445064262767,0.0520503007350518
-8_-56,-8,-56,0.0361506250938058,CHEES_-35_4800.csv,-35,4800,0.0348648869373694,0.0462865736317115
-5_-50,-5,-50,0.036209267968057,CHEES_-35_4800.csv,-35,4800,0.034664669034817,0.0556055615966378
-8_-54,-8,-54,0.0362764901453425,CHEES_-35_4800.csv,-35,4800,0.0349235321105419,0.0487064892528215
-7_-52,-7,-52,0.0362875426507235,CHEES_-35_4800.csv,-35,4800,0.0348478213133211,0.0518299681464858
-6_-50,-6,-50,0.0363700588505817,CHEES_-35_4800.csv,-35,4800,0.0348319462096225,0.0553720550745336
-8_-52,-8,-52,0.0364903005072989,CHEES_-35_4800.csv,-35,4800,0.0350577181663506,0.0515729642741389
-10_-60,-10,-60,0.036494622420459,CHEES_-35_4700.csv,-35,4700,0.0354900518969238,0.036164538847267
-7_-50,-7,-50,0.0365405879135894,CHEES_-35_4800.csv,-35,4800,0.0350095403209702,0.0551177133342898
-5_-48,-5,-48,0.0365503913340685,CHEES_-35_4800.csv,-35,4800,0.0349000427193177,0.0594125501310255
-10_-58,-10,-58,0.0365888887649926,CHEES_-35_4800.csv,-35,4800,0.0353754139941418,0.0436850917506284
-10_-56,-10,-56,0.036674036329648,CHEES_-35_4800.csv,-35,4800,0.0354037999158509,0.0457285108966973
-6_-48,-6,-48,0.036711923535337,CHEES_-35_4800.csv,-35,4800,0.0350677640646718,0.0591897409439456
-8_-50,-8,-50,0.0367660203242805,CHEES_-35_4800.csv,-35,4800,0.0352414760974818,0.0548835921647544
-10_-54,-10,-54,0.0368255972064288,CHEES_-35_4800.csv,-35,4800,0.035485491975874,0.0482437882999711
-5_-46,-5,-46,0.0368316148166151,CHEES_-35_4900.csv,-35,4900,0.0348213853321105,0.0723682614421646
-7_-48,-7,-48,0.036875535577771,CHEES_-35_4800.csv,-35,4800,0.0352372814628778,0.0589771481361544
-6_-46,-6,-46,0.0369493591180436,CHEES_-35_4900.csv,-35,4900,0.0349449898536987,0.0721572935164174
-10_-52,-10,-52,0.0369607081906709,CHEES_-35_4800.csv,-35,4800,0.035542857196811,0.0510426357789559
-8_-48,-8,-48,0.0370569926111744,CHEES_-35_4800.csv,-35,4800,0.0354253431619086,0.0587393801735681
-7_-46,-7,-46,0.0371059433019582,CHEES_-35_4900.csv,-35,4900,0.0351065782264701,0.0719771427175725
-12_-60,-12,-60,0.03714376505086,CHEES_-35_4700.csv,-35,4700,0.036155808506139,0.035566435609957
-5_-44,-5,-44,0.0371502173208532,CHEES_-35_4900.csv,-35,4900,0.0349867430659862,0.0778850731752129
-10_-50,-10,-50,0.0371985446989332,CHEES_-35_4800.csv,-35,4800,0.0356867705619541,0.0544238689312494
-12_-58,-12,-58,0.0372404518014352,CHEES_-35_4800.csv,-35,4800,0.036044222347032,0.0430642603585143
-8_-46,-8,-46,0.0372517653731566,CHEES_-35_4900.csv,-35,4900,0.0352588357680741,0.0717454657829678
-6_-44,-6,-44,0.0372635282480666,CHEES_-35_4900.csv,-35,4900,0.0351052359067471,0.0776985242875003
-12_-56,-12,-56,0.0372889849490462,CHEES_-35_4800.csv,-35,4800,0.0360352490680307,0.0451344917165603
-12_-54,-12,-54,0.0373646830011782,CHEES_-35_4800.csv,-35,4800,0.036043747637074,0.0475536731077492
-7_-44,-7,-44,0.0373689798890061,CHEES_-35_4900.csv,-35,4900,0.0352160765550027,0.0775045200241236
-10_-48,-10,-48,0.0374306486722539,CHEES_-35_4900.csv,-35,4900,0.0355873592995743,0.0663584174164662
-12_-52,-12,-52,0.0375096363509111,CHEES_-35_4800.csv,-35,4800,0.0361085778239971,0.0504381069689059
-8_-44,-8,-44,0.0375248665244884,CHEES_-35_4900.csv,-35,4900,0.0353771694891319,0.0773170932728345
-10_-46,-10,-46,0.0375857031722981,CHEES_-35_4900.csv,-35,4900,0.0356069594347105,0.0712347745531514
-5_-42,-5,-42,0.0376514258865323,CHEES_-35_4900.csv,-35,4900,0.0353057279051666,0.0844451273291655
-12_-50,-12,-50,0.0376590826032962,CHEES_-35_4800.csv,-35,4800,0.036165639423665,0.0537639544667249
-6_-42,-6,-42,0.0377480309413262,CHEES_-35_4900.csv,-35,4900,0.0354061456135123,0.0843078718012997
-10_-44,-10,-44,0.0378007816883105,CHEES_-35_4900.csv,-35,4900,0.0356656004234372,0.0768665255354407
-7_-42,-7,-42,0.0378408532624538,CHEES_-35_4900.csv,-35,4900,0.0355042837141075,0.0841165037404655
-12_-48,-12,-48,0.0378569933013923,CHEES_-35_4900.csv,-35,4900,0.0360291287182333,0.0658031249937236
-14_-58,-14,-58,0.0379286691464367,CHEES_-35_4800.csv,-35,4800,0.0367521343564213,0.0423552524405562
-14_-60,-14,-60,0.0379393355313055,CHEES_-35_4700.csv,-35,4700,0.0369690234504552,0.0349312349106097
-8_-42,-8,-42,0.0379452961733086,CHEES_-35_4900.csv,-35,4900,0.0356133435743992,0.0839502935607365
-14_-56,-14,-56,0.0379584695154122,CHEES_-35_4800.csv,-35,4800,0.0367239657601634,0.0444421351889578
-12_-46,-12,-46,0.0379587670282376,CHEES_-35_4900.csv,-35,4900,0.0359952650284463,0.0706860719924893
-14_-54,-14,-54,0.0380104035342849,CHEES_-35_4800.csv,-35,4800,0.036708403174207,0.046872012962803
-14_-52,-14,-52,0.0380800723977851,CHEES_-35_4800.csv,-35,4800,0.036699288092698,0.0497082349831345
-12_-44,-12,-44,0.0381229543801241,CHEES_-35_4900.csv,-35,4900,0.036002661341958,0.0763305493739805
-10_-42,-10,-42,0.0381788277595576,CHEES_-35_4900.csv,-35,4900,0.0358573888886781,0.0835717993516599
-14_-50,-14,-50,0.0382327369634968,CHEES_-35_4800.csv,-35,4800,0.0367574091804588,0.053111800189368
-5_-40,-5,-40,0.0383035142713342,CHEES_-35_4900.csv,-35,4900,0.035744128279206,0.0921378957166185
-14_-48,-14,-48,0.0383459728427159,CHEES_-35_4900.csv,-35,4900,0.0365372785098373,0.0651129959836319
-14_-46,-14,-46,0.0383961038313206,CHEES_-35_4900.csv,-35,4900,0.0364501830376774,0.0700531485711579
-7_-40,-7,-40,0.038425394922463,CHEES_-35_4900.csv,-35,4900,0.0358735880248541,0.0918650483139185
-12_-42,-12,-42,0.0384296400294494,CHEES_-35_4900.csv,-35,4900,0.0361212189646938,0.0831031583312018
-6_-40,-6,-40,0.0384879400742652,CHEES_-35_5000.csv,-35,5000,0.035635125282285,0.102701332511285
-8_-40,-8,-40,0.0385206494570777,CHEES_-35_4900.csv,-35,4900,0.0359724584911896,0.0917348747719723
-14_-44,-14,-44,0.0385250117510912,CHEES_-35_4900.csv,-35,4900,0.0364197597707122,0.0757890712936427
-10_-40,-10,-40,0.0387162625914602,CHEES_-35_4900.csv,-35,4900,0.0361746180680976,0.091499202841052
-16_-54,-16,-54,0.0387446426420269,CHEES_-35_4800.csv,-35,4800,0.0374640923060529,0.0460998120950647
-14_-42,-14,-42,0.038755779223936,CHEES_-35_4900.csv,-35,4900,0.036461629225489,0.0825893999440919
-16_-56,-16,-56,0.0387585691502139,CHEES_-35_4800.csv,-35,4800,0.03754530620964,0.0436774658606576
-16_-58,-16,-58,0.0387800676614221,CHEES_-35_4800.csv,-35,4800,0.0376235871666335,0.0416332978123879
-16_-60,-16,-60,0.0388237128512711,CHEES_-35_4800.csv,-35,4800,0.0377153898970029,0.0398996263536551
-16_-52,-16,-52,0.0388335904566579,CHEES_-35_4800.csv,-35,4800,0.0374720510497758,0.0490154186477534
-12_-40,-12,-40,0.0388903274194027,CHEES_-35_4900.csv,-35,4900,0.0363613871799218,0.0910418486213122
-16_-50,-16,-50,0.0389135553211742,CHEES_-35_4800.csv,-35,4800,0.0374586495272496,0.052376608581285
-16_-46,-16,-46,0.0389138785224111,CHEES_-35_4900.csv,-35,4900,0.0369880614949992,0.0693294129868286
-16_-48,-16,-48,0.0389364886370464,CHEES_-35_4900.csv,-35,4900,0.0371478040091419,0.0643926466045634
-16_-44,-16,-44,0.0389536988069005,CHEES_-35_4900.csv,-35,4900,0.0368673373275773,0.075109013255637
-5_-38,-5,-38,0.0390173713839892,CHEES_-35_5000.csv,-35,5000,0.0358958508012419,0.112374740978905
-6_-38,-6,-38,0.0390454756013619,CHEES_-35_5000.csv,-35,5000,0.0359276009816094,0.11224348631109
-7_-38,-7,-38,0.0391020322205724,CHEES_-35_5000.csv,-35,5000,0.0359854218796387,0.11219797227361
-16_-42,-16,-42,0.0391129605688009,CHEES_-35_4900.csv,-35,4900,0.0368353918025553,0.0819924755848404
-14_-40,-14,-40,0.0391153540529295,CHEES_-35_4900.csv,-35,4900,0.0365981991382915,0.0906175769269661
-8_-38,-8,-38,0.0391427184335029,CHEES_-35_5000.csv,-35,5000,0.0360288959298972,0.112097610129804
-10_-38,-10,-38,0.0392390657190175,CHEES_-35_5000.csv,-35,5000,0.0361319443961519,0.111856367623163
-5_-37,-5,-37,0.0393539353667718,CHEES_-35_5000.csv,-35,5000,0.0360862909051949,0.11763520061677
-12_-38,-12,-38,0.0393633770225574,CHEES_-35_5000.csv,-35,5000,0.0362621707706163,0.111643425069879
-6_-37,-6,-37,0.0393686556192358,CHEES_-35_5000.csv,-35,5000,0.0361026171727172,0.117577384074671
-7_-37,-7,-37,0.0393970318865158,CHEES_-35_5000.csv,-35,5000,0.0361324760295618,0.117524010850346
-16_-40,-16,-40,0.0394062431648137,CHEES_-35_4900.csv,-35,4900,0.0369023689658926,0.0901394711611575
-8_-37,-8,-37,0.0394237994709831,CHEES_-35_5000.csv,-35,5000,0.0361616009795871,0.117439145690257
-18_-44,-18,-44,0.0395076143061948,CHEES_-35_4900.csv,-35,4900,0.0374426276505665,0.074339519602619
-14_-38,-14,-38,0.0395105228673321,CHEES_-35_5000.csv,-35,5000,0.0364186918174673,0.111305917795134
-10_-37,-10,-37,0.039510947167792,CHEES_-35_5000.csv,-35,5000,0.036252674869876,0.117297802724976
-18_-46,-18,-46,0.0395466501048364,CHEES_-35_4900.csv,-35,4900,0.0376431714289067,0.0685252323334672
-18_-42,-18,-42,0.0395774142905453,CHEES_-35_4900.csv,-35,4900,0.037318814724693,0.0813095843706858
-12_-37,-12,-37,0.0395785212141286,CHEES_-35_5000.csv,-35,5000,0.0363259924362647,0.117091036003101
-18_-48,-18,-48,0.039642988352435,CHEES_-35_4900.csv,-35,4900,0.0378785313572741,0.0635204518257935
-18_-54,-18,-54,0.0396645041729897,CHEES_-35_4800.csv,-35,4800,0.0384074093833016,0.0452554124287721
-18_-52,-18,-52,0.0396676781157145,CHEES_-35_4800.csv,-35,4800,0.0383307211755073,0.0481304498474613
-16_-38,-16,-38,0.0396722431699285,CHEES_-35_5000.csv,-35,5000,0.0365897795530929,0.110968690206084
-14_-37,-14,-37,0.0396789149923027,CHEES_-35_5000.csv,-35,5000,0.0364316817600623,0.116900396360655
-18_-50,-18,-50,0.0396820375707824,CHEES_-35_4800.csv,-35,4800,0.0382511136507693,0.051513261120473
-18_-56,-18,-56,0.0396960714062631,CHEES_-35_4800.csv,-35,4800,0.038506260403013,0.0428331961170017
-5_-36,-5,-36,0.0397349446944745,CHEES_-35_5000.csv,-35,5000,0.0363086680555939,0.123345958999701
-18_-40,-18,-40,0.0397423718217733,CHEES_-35_4900.csv,-35,4900,0.0372551686862923,0.0895393128773155
-18_-58,-18,-58,0.0397446542243685,CHEES_-35_4800.csv,-35,4800,0.038611785678124,0.0407832676648018
-6_-36,-6,-36,0.0397458792652879,CHEES_-35_5000.csv,-35,5000,0.036320342373676,0.123319328098031
-7_-36,-7,-36,0.0397619759661258,CHEES_-35_5000.csv,-35,5000,0.0363370270753078,0.123298160069447
-8_-36,-8,-36,0.0397698506521156,CHEES_-35_5000.csv,-35,5000,0.0363462864902538,0.123248309827023
-16_-37,-16,-37,0.0397950042055225,CHEES_-35_5000.csv,-35,5000,0.0365546339658122,0.116653328629568
-10_-36,-10,-36,0.039809522411443,CHEES_-35_5000.csv,-35,5000,0.0363877674135677,0.123183179923511
-18_-60,-18,-60,0.0398298659782276,CHEES_-35_4800.csv,-35,4800,0.0387439612949485,0.0390925685980468
-12_-36,-12,-36,0.039853812835121,CHEES_-35_5000.csv,-35,5000,0.0364351343850358,0.123072424203069
-18_-38,-18,-38,0.0398682771915209,CHEES_-35_5000.csv,-35,5000,0.0367976137007588,0.110543885667435
-14_-36,-14,-36,0.0398981096326603,CHEES_-35_5000.csv,-35,5000,0.0364825629332099,0.122959681180216
-18_-37,-18,-37,0.0399318261755765,CHEES_-35_5000.csv,-35,5000,0.0367000642075682,0.116343430848301
-16_-36,-16,-36,0.0399608931112039,CHEES_-35_5000.csv,-35,5000,0.0365490797285906,0.122825281774079
-18_-36,-18,-36,0.0400241971766514,CHEES_-35_5000.csv,-35,5000,0.0366169306968641,0.122661593272342
-20_-36,-20,-36,0.0401124820125721,CHEES_-35_5000.csv,-35,5000,0.0367117044514854,0.122427992199121
-20_-42,-20,-42,0.0401172895696707,CHEES_-35_4900.csv,-35,4900,0.037882524019045,0.0804515598225261
-20_-38,-20,-38,0.0401297407341178,CHEES_-35_5000.csv,-35,5000,0.0370756913078434,0.109945779345877
-20_-44,-20,-44,0.0401540617851762,CHEES_-35_4900.csv,-35,4900,0.0381147168300528,0.0734164183844425
-10_-35,-10,-35,0.0401653955518486,CHEES_-35_5000.csv,-35,5000,0.0365671520679511,0.129536765420308
-12_-35,-12,-35,0.0401653955518486,CHEES_-35_5000.csv,-35,5000,0.0365671520679511,0.129536765420308
-14_-35,-14,-35,0.0401653955518486,CHEES_-35_5000.csv,-35,5000,0.0365671520679511,0.129536765420308
-16_-35,-16,-35,0.0401653955518486,CHEES_-35_5000.csv,-35,5000,0.0365671520679511,0.129536765420308
-18_-35,-18,-35,0.0401653955518486,CHEES_-35_5000.csv,-35,5000,0.0365671520679511,0.129536765420308
-20_-35,-20,-35,0.0401653955518486,CHEES_-35_5000.csv,-35,5000,0.0365671520679511,0.129536765420308
-22_-35,-22,-35,0.0401653955518486,CHEES_-35_5000.csv,-35,5000,0.0365671520679511,0.129536765420308
-24_-35,-24,-35,0.0401653955518486,CHEES_-35_5000.csv,-35,5000,0.0365671520679511,0.129536765420308
-26_-35,-26,-35,0.0401653955518486,CHEES_-35_5000.csv,-35,5000,0.0365671520679511,0.129536765420308
-28_-35,-28,-35,0.0401653955518486,CHEES_-35_5000.csv,-35,5000,0.0365671520679511,0.129536765420308
-30_-35,-30,-35,0.0401653955518486,CHEES_-35_5000.csv,-35,5000,0.0365671520679511,0.129536765420308
-5_-35,-5,-35,0.0401653955518486,CHEES_-35_5000.csv,-35,5000,0.0365671520679511,0.129536765420308
-6_-35,-6,-35,0.0401653955518486,CHEES_-35_5000.csv,-35,5000,0.0365671520679511,0.129536765420308
-7_-35,-7,-35,0.0401653955518486,CHEES_-35_5000.csv,-35,5000,0.0365671520679511,0.129536765420308
-8_-35,-8,-35,0.0401653955518486,CHEES_-35_5000.csv,-35,5000,0.0365671520679511,0.129536765420308
-20_-40,-20,-40,0.0401677631692196,CHEES_-35_4900.csv,-35,4900,0.0376999490345519,0.0888413088480381
-22_-36,-22,-36,0.0402433892681752,CHEES_-35_5000.csv,-35,5000,0.0368503134651083,0.122150728910406
-20_-46,-20,-46,0.0403264666172221,CHEES_-35_4900.csv,-35,4900,0.0384496092132116,0.067566866544379
-22_-37,-22,-37,0.0403290561852281,CHEES_-35_5000.csv,-35,5000,0.0371220650702151,0.115451680140468
-20_-37,-20,-37,0.0403353169357169,CHEES_-35_4900.csv,-35,4900,0.0374372768326281,0.104329443711197
-24_-36,-24,-36,0.0404020486315955,CHEES_-35_5000.csv,-35,5000,0.0370189587631113,0.121791235265431
-20_-48,-20,-48,0.040465628194093,CHEES_-35_4900.csv,-35,4900,0.0387299066530669,0.0624859754769408
-22_-38,-22,-38,0.0404730518812678,CHEES_-35_5000.csv,-35,5000,0.0374364002720605,0.109319457931464
-20_-50,-20,-50,0.0406269795459671,CHEES_-35_4800.csv,-35,4800,0.0392230266348803,0.0505423047991224
-26_-36,-26,-36,0.0406372614648094,CHEES_-35_5000.csv,-35,5000,0.0372690648445396,0.121255078329712
-20_-52,-20,-52,0.0406808762346767,CHEES_-35_4800.csv,-35,4800,0.0393705332018517,0.0471723491817019
-24_-37,-24,-37,0.0406840510543854,CHEES_-35_5000.csv,-35,5000,0.0374925379640619,0.114894471251647
-22_-40,-22,-40,0.0406971308790306,CHEES_-35_4900.csv,-35,4900,0.0382542274817153,0.0879445223033532
-20_-54,-20,-54,0.0407300473562906,CHEES_-35_4800.csv,-35,4800,0.0394991377797823,0.0443127447542999
-20_-56,-20,-56,0.0408049949899233,CHEES_-35_4800.csv,-35,4800,0.0396413391977768,0.0418916085172727
-22_-42,-22,-42,0.0408403723415017,CHEES_-35_4900.csv,-35,4900,0.0386329444343929,0.0794674046559157
-20_-58,-20,-58,0.0408847366943285,CHEES_-35_4800.csv,-35,4800,0.0397779895098265,0.0398428986420711
-24_-38,-24,-38,0.0408994408594525,CHEES_-35_5000.csv,-35,5000,0.0378871804095285,0.108441376197263
-22_-44,-22,-44,0.0409856499236743,CHEES_-35_4900.csv,-35,4900,0.03897659926388,0.0723258237525956
-28_-36,-28,-36,0.0409993949667286,CHEES_-35_5000.csv,-35,5000,0.0376515555168883,0.12052222019425
-20_-60,-20,-60,0.0410237850645358,CHEES_-35_4800.csv,-35,4800,0.0399633990406901,0.0381738968584473
-26_-37,-26,-37,0.041121074283516,CHEES_-35_5000.csv,-35,5000,0.0379554526122198,0.113962380166664
-22_-46,-22,-46,0.0412465165604193,CHEES_-35_4900.csv,-35,4900,0.039402335872751,0.0663905047560593
-24_-40,-24,-40,0.0414141143289709,CHEES_-35_5000.csv,-35,5000,0.0387097429368616,0.0973573701159358
-22_-48,-22,-48,0.0415070799876051,CHEES_-35_4900.csv,-35,4900,0.0398036480766884,0.0613235487929982
-26_-38,-26,-38,0.0415416099582472,CHEES_-35_5000.csv,-35,5000,0.0385611682237165,0.107295902443107
-30_-36,-30,-36,0.0416300582358462,CHEES_-35_5000.csv,-35,5000,0.0383196129730319,0.119176029461315
-22_-50,-22,-50,0.0417546217869679,CHEES_-35_4900.csv,-35,4900,0.0401728783914247,0.0569427622395534
-24_-42,-24,-42,0.041763744245352,CHEES_-35_4900.csv,-35,4900,0.039590659570117,0.0782310483084603
-28_-37,-28,-37,0.0417689185172122,CHEES_-35_5000.csv,-35,5000,0.0386410346024227,0.112603820932422
-22_-52,-22,-52,0.0418960653893087,CHEES_-35_4800.csv,-35,4800,0.0406168978664723,0.0460500308221087
-22_-54,-22,-54,0.0420133837242858,CHEES_-35_4800.csv,-35,4800,0.040813270014328,0.0432040935584837
-24_-44,-24,-44,0.042084331867215,CHEES_-35_4900.csv,-35,4900,0.0401129559421952,0.0709695333007147
-22_-56,-22,-56,0.0421194764607276,CHEES_-35_4800.csv,-35,4800,0.0409858156325486,0.0408117898144453
-22_-58,-22,-58,0.0423043698288373,CHEES_-35_4800.csv,-35,4800,0.0412261030149564,0.0388176052997137
-26_-40,-26,-40,0.0423391287754589,CHEES_-35_5000.csv,-35,5000,0.0396761975704289,0.0958655233810805
-22_-60,-22,-60,0.0424388007056156,CHEES_-35_4800.csv,-35,4800,0.0414068146284374,0.0371514987784146
-24_-46,-24,-46,0.0424624765733993,CHEES_-35_4900.csv,-35,4900,0.0406561928957062,0.0650262123969519
-28_-38,-28,-38,0.0424996773121714,CHEES_-35_5000.csv,-35,5000,0.039564672965991,0.105660156462495
-24_-48,-24,-48,0.0428525560852058,CHEES_-35_4900.csv,-35,4900,0.0411872214984519,0.0599520451231383
-30_-37,-30,-37,0.0429426101574346,CHEES_-35_5000.csv,-35,5000,0.0398732863937653,0.110495655492096
-26_-42,-26,-42,0.0429826793343198,CHEES_-35_4900.csv,-35,4900,0.0408550682523301,0.0765939989516304
-24_-50,-24,-50,0.0431541329880204,CHEES_-35_4900.csv,-35,4900,0.0416102851169163,0.0555785233597476
-24_-52,-24,-52,0.0434720631997341,CHEES_-35_4800.csv,-35,4800,0.0422270541806175,0.0448203246881974
-26_-44,-26,-44,0.043515828429373,CHEES_-35_4900.csv,-35,4900,0.0415897279753837,0.0693396163436141
-24_-54,-24,-54,0.0436194852729168,CHEES_-35_4800.csv,-35,4800,0.0424539530938711,0.0419591584456441
-28_-40,-28,-40,0.0437343875920812,CHEES_-35_5000.csv,-35,5000,0.0411272620016128,0.0938565212568628
-24_-56,-24,-56,0.0438389276406767,CHEES_-35_4800.csv,-35,4800,0.0427376878619752,0.0396446320332522
-24_-58,-24,-58,0.0439953585743202,CHEES_-35_4800.csv,-35,4800,0.0429496763772934,0.0376445590929671
-30_-38,-30,-38,0.0440705786516819,CHEES_-35_5000.csv,-35,5000,0.0412075263965769,0.103069881183779
-26_-46,-26,-46,0.0440950927331479,CHEES_-35_4900.csv,-35,4900,0.0423356561882966,0.0633397156146481
-24_-60,-24,-60,0.044196274867303,CHEES_-35_4800.csv,-35,4800,0.0431958278786856,0.0360160915902256
-26_-48,-26,-48,0.0445706934569212,CHEES_-35_4900.csv,-35,4900,0.0429524014666287,0.0582585116505271
-28_-42,-28,-42,0.0447703307934227,CHEES_-35_4900.csv,-35,4900,0.0427003694373958,0.0745186088169678
-26_-50,-26,-50,0.0450161095011563,CHEES_-35_4900.csv,-35,4900,0.0435173907028586,0.0539538767387174
-26_-52,-26,-52,0.0453864059638304,CHEES_-35_4900.csv,-35,4900,0.0439896816386041,0.0502820757081484
-28_-44,-28,-44,0.0455624817954522,CHEES_-35_4900.csv,-35,4900,0.0436962581168128,0.0671840524310199
-26_-54,-26,-54,0.0456858891471027,CHEES_-35_4800.csv,-35,4800,0.0445609418851093,0.0404981014317631
-26_-56,-26,-56,0.0459003828891102,CHEES_-35_4800.csv,-35,4800,0.0448396066433575,0.0381879448470971
-30_-40,-30,-40,0.0459763692880465,CHEES_-35_5000.csv,-35,5000,0.0434510718847892,0.0909107065172619
-26_-58,-26,-58,0.046129932407211,CHEES_-35_4800.csv,-35,4800,0.0451219088603107,0.0362888476884095
-28_-46,-28,-46,0.0463304696929883,CHEES_-35_4900.csv,-35,4900,0.0446292475489051,0.0612439971869979
-26_-60,-26,-60,0.0463804441603967,CHEES_-35_4800.csv,-35,4800,0.0454155087101175,0.0347376762100513
-28_-48,-28,-48,0.0469915356542414,CHEES_-35_4900.csv,-35,4900,0.0454284298683658,0.056271808291521
-10_-34,-10,-34,0.0470601728175242,CHEES_-34_5100.csv,-34,5100,0.0432649150206362,0.136629280687966
-12_-34,-12,-34,0.0470601728175242,CHEES_-34_5100.csv,-34,5100,0.0432649150206362,0.136629280687966
-14_-34,-14,-34,0.0470601728175242,CHEES_-34_5100.csv,-34,5100,0.0432649150206362,0.136629280687966
-16_-34,-16,-34,0.0470601728175242,CHEES_-34_5100.csv,-34,5100,0.0432649150206362,0.136629280687966
-18_-34,-18,-34,0.0470601728175242,CHEES_-34_5100.csv,-34,5100,0.0432649150206362,0.136629280687966
-20_-34,-20,-34,0.0470601728175242,CHEES_-34_5100.csv,-34,5100,0.0432649150206362,0.136629280687966
-22_-34,-22,-34,0.0470601728175242,CHEES_-34_5100.csv,-34,5100,0.0432649150206362,0.136629280687966
-24_-34,-24,-34,0.0470601728175242,CHEES_-34_5100.csv,-34,5100,0.0432649150206362,0.136629280687966
-26_-34,-26,-34,0.0470601728175242,CHEES_-34_5100.csv,-34,5100,0.0432649150206362,0.136629280687966
-28_-34,-28,-34,0.0470601728175242,CHEES_-34_5100.csv,-34,5100,0.0432649150206362,0.136629280687966
-30_-34,-30,-34,0.0470601728175242,CHEES_-34_5100.csv,-34,5100,0.0432649150206362,0.136629280687966
-5_-34,-5,-34,0.0470601728175242,CHEES_-34_5100.csv,-34,5100,0.0432649150206362,0.136629280687966
-6_-34,-6,-34,0.0470601728175242,CHEES_-34_5100.csv,-34,5100,0.0432649150206362,0.136629280687966
-7_-34,-7,-34,0.0470601728175242,CHEES_-34_5100.csv,-34,5100,0.0432649150206362,0.136629280687966
-8_-34,-8,-34,0.0470601728175242,CHEES_-34_5100.csv,-34,5100,0.0432649150206362,0.136629280687966
-28_-50,-28,-50,0.0475145409386367,CHEES_-35_4900.csv,-35,4900,0.0460706553842472,0.051979879958022
-30_-42,-30,-42,0.047529591880598,CHEES_-35_5000.csv,-35,5000,0.0452720362572063,0.081272002442099
-28_-52,-28,-52,0.048008375489647,CHEES_-35_4900.csv,-35,4900,0.0466633845448937,0.0484196740111199
-28_-54,-28,-54,0.0483835486611019,CHEES_-35_4900.csv,-35,4900,0.0471232994501319,0.0453689715949205
-28_-56,-28,-56,0.0486743240743284,CHEES_-35_4800.csv,-35,4800,0.0476585948969046,0.0365662503872584
-30_-44,-30,-44,0.0487114117439415,CHEES_-35_4900.csv,-35,4900,0.0469222045213896,0.0644114600118656
-28_-58,-28,-58,0.0489479686491321,CHEES_-35_4800.csv,-35,4800,0.0479828455608481,0.0347444311782228
-28_-60,-28,-60,0.0492054770218309,CHEES_-35_4800.csv,-35,4800,0.0482815108813089,0.033262781058789
-30_-46,-30,-46,0.0496967081593889,CHEES_-35_4900.csv,-35,4900,0.0480699870158614,0.0585619611669925
-30_-48,-30,-48,0.0505028481404512,CHEES_-35_4900.csv,-35,4900,0.0490111193917234,0.0537022349542019
-30_-50,-30,-50,0.0511381334493425,CHEES_-35_4900.csv,-35,4900,0.0497608784703435,0.0495811792439662
-30_-52,-30,-52,0.0516662505771323,CHEES_-35_4900.csv,-35,4900,0.0503862135702236,0.0460813322487117
-30_-54,-30,-54,0.0521341426022842,CHEES_-35_4900.csv,-35,4900,0.050933014597169,0.0432406081841462
-30_-56,-30,-56,0.0525062554167929,CHEES_-35_4800.csv,-35,4800,0.0515433177681108,0.0346657553525569
-30_-58,-30,-58,0.0528118160146375,CHEES_-35_4800.csv,-35,4800,0.0518955910424961,0.0329840989970908
-30_-60,-30,-60,0.053034517612392,CHEES_-35_4800.csv,-35,4800,0.0521571673694384,0.0315846087463284
-10_-32,-10,-32,0.0648836029859523,CHEES_-32_5300.csv,-32,5300,0.0607039486628883,0.150467555630305
-12_-32,-12,-32,0.0648836029859523,CHEES_-32_5300.csv,-32,5300,0.0607039486628883,0.150467555630305
-14_-32,-14,-32,0.0648836029859523,CHEES_-32_5300.csv,-32,5300,0.0607039486628883,0.150467555630305
-16_-32,-16,-32,0.0648836029859523,CHEES_-32_5300.csv,-32,5300,0.0607039486628883,0.150467555630305
-18_-32,-18,-32,0.0648836029859523,CHEES_-32_5300.csv,-32,5300,0.0607039486628883,0.150467555630305
-20_-32,-20,-32,0.0648836029859523,CHEES_-32_5300.csv,-32,5300,0.0607039486628883,0.150467555630305
-22_-32,-22,-32,0.0648836029859523,CHEES_-32_5300.csv,-32,5300,0.0607039486628883,0.150467555630305
-24_-32,-24,-32,0.0648836029859523,CHEES_-32_5300.csv,-32,5300,0.0607039486628883,0.150467555630305
-26_-32,-26,-32,0.0648836029859523,CHEES_-32_5300.csv,-32,5300,0.0607039486628883,0.150467555630305
-28_-32,-28,-32,0.0648836029859523,CHEES_-32_5300.csv,-32,5300,0.0607039486628883,0.150467555630305
-30_-32,-30,-32,0.0648836029859523,CHEES_-32_5300.csv,-32,5300,0.0607039486628883,0.150467555630305
-5_-32,-5,-32,0.0648836029859523,CHEES_-32_5300.csv,-32,5300,0.0607039486628883,0.150467555630305
-6_-32,-6,-32,0.0648836029859523,CHEES_-32_5300.csv,-32,5300,0.0607039486628883,0.150467555630305
-7_-32,-7,-32,0.0648836029859523,CHEES_-32_5300.csv,-32,5300,0.0607039486628883,0.150467555630305
-8_-32,-8,-32,0.0648836029859523,CHEES_-32_5300.csv,-32,5300,0.0607039486628883,0.150467555630305
